measure_id,measure_name,measure_short,parent_instrument_id,maps_to_node_id,measure_type,unit_of_measure,expected_range_min,expected_range_max,scoring_direction,clinical_cutoff_value,clinical_cutoff_direction,loading_b_k,intercept_a_k,reliability_alpha,reliability_type,cancer_validation_status,se_multiplier,assay_method,sample_type,collection_requirements,normative_population,norm_id,noise_id,time_resolution_days,aggregation_method,is_primary_for_node,alternative_measure_ids_json,somatic_confound_risk,mcid,floor_ceiling_risk,missing_data_strategy,tier_assignment,version,active,citation_key,notes,parameter_confidence
MEAS_AFI_TOTAL,AFI Total Mean Score,AFI-total,INST_AFI,NODE_SYM_COG_COMPLAINTS,total_score,points_0_10,0,10,higher_better,5.0,below,1.0,0.0,0.93,internal_consistency,validated_in_cancer,1.0,N/A,N/A,N/A,Oncology outpatients (Cimprich 2011),NORM_AFI_CANCER,NOISE_AFI,7,mean,1,"[""MEAS_FACTCOG_PCI_TOTAL"", ""MEAS_PROMIS_COG_TOTAL""]",low,1.0,none,require,0,v1.0,1,Cimprich2011,Mean of 16 items; primary CRCI endpoint in Oppegaard 2023,A_ranges_B_reliability_C_loading: ranges from scoring manuals (A); reliability from published validation (B); loading/intercept identity placeholders (C)
MEAS_AFI_EFFECTIVE_ACTION,AFI Effective Action Subscale,AFI-EA,INST_AFI,NODE_COG_EXEC_PLANNING,subscale,points_0_10,0,10,higher_better,N/A,N/A,0.9,0.0,0.88,internal_consistency,validated_in_cancer,1.0,N/A,N/A,N/A,Oncology outpatients,NORM_AFI_CANCER,NOISE_AFI_EA,7,mean,0,[],low,N/A,none,optional,0,v1.0,1,Cimprich2011,Goal-directed behavior and task completion items,A_ranges_B_reliability_C_loading: ranges from scoring manuals (A); reliability from published validation (B); loading/intercept identity placeholders (C)
MEAS_AFI_ATTN_LAPSES,AFI Attentional Lapses Subscale,AFI-AL,INST_AFI,NODE_COG_ATTN_SUSTAINED,subscale,points_0_10,0,10,higher_better,N/A,N/A,0.9,0.0,0.86,internal_consistency,validated_in_cancer,1.0,N/A,N/A,N/A,Oncology outpatients,NORM_AFI_CANCER,NOISE_AFI_AL,7,mean,0,[],low,N/A,none,optional,0,v1.0,1,Cimprich2011,Frequency of attentional lapses and distractibility,A_ranges_B_reliability_C_loading: ranges from scoring manuals (A); reliability from published validation (B); loading/intercept identity placeholders (C)
MEAS_FACTCOG_PCI_TOTAL,FACT-Cog PCI Total,PCI-total,INST_FACTCOG_PCI,NODE_SYM_COG_COMPLAINTS,subscale,points_0_80,0,80,higher_better,N/A,N/A,0.95,0.0,0.95,internal_consistency,validated_in_cancer,1.0,N/A,N/A,N/A,Cancer patients (Wagner 2009),NORM_FACTCOG_CANCER,NOISE_FACTCOG_PCI,7,sum,1,"[""MEAS_AFI_TOTAL"", ""MEAS_PROMIS_COG_TOTAL""]",low,4.0,ceiling,require,0,v1.0,1,Wagner2009,FACT-Cog v3 20-item PCI subscale; 0-4 per item; range 0-80; higher = better; MCID ~4 points; explicit v3 20-item scoring,A_ranges_B_reliability_C_loading: ranges from scoring manuals (A); reliability from published validation (B); loading/intercept identity placeholders (C)
MEAS_FACTCOG_QOL,FACT-Cog Impact on QoL,FCog-QoL,INST_FACTCOG_PCI,NODE_SYM_COG_COMPLAINTS,subscale,points_0_16,0,16,higher_better,N/A,N/A,0.85,0.0,0.88,internal_consistency,validated_in_cancer,1.0,N/A,N/A,N/A,Cancer patients,NORM_FACTCOG_CANCER,NOISE_FACTCOG_QOL,7,sum,0,[],low,N/A,none,optional,0,v1.0,1,Wagner2009,4-item impact on quality of life subscale,A_ranges_B_reliability_C_loading: ranges from scoring manuals (A); reliability from published validation (B); loading/intercept identity placeholders (C)
MEAS_PROMIS_COG_TOTAL,PROMIS Cognitive Function T-score,PROMIS-T,INST_PROMIS_COG,NODE_SYM_COG_COMPLAINTS,total_score,T_score_from_raw_8_40,20,80,higher_better,45,below,1.0,0.0,0.95,internal_consistency,validated_in_cancer,1.0,N/A,N/A,N/A,"US adult T-score (mean=50, SD=10)",NORM_PROMIS_US,NOISE_PROMIS_COG_T,7,sum,1,"[""MEAS_AFI_TOTAL"", ""MEAS_FACTCOG_PCI_TOTAL""]",low,3.0,none,require,0,v1.0,1,Cella2010,"IRT-based T-score (mean=50, SD=10); raw score 8-40 converted via scoring table; cutoff 45 on T-score; MCID ~3 T-score points",A_ranges_B_reliability_C_loading: ranges from scoring manuals (A); reliability from published validation (B); loading/intercept identity placeholders (C)
MEAS_MOCA_TOTAL,MoCA Total Score,MoCA-total,INST_MOCA,NODE_COMP_CRCI,total_score,points_0_30,0,30,higher_better,26,below,0.83,0.0,0.83,internal_consistency,used_in_cancer,1.1,N/A,N/A,N/A,Community adults ≥55,NORM_MOCA_GENERAL,NOISE_MOCA_TOTAL,0,sum,1,[],moderate,2.0,ceiling,require,0,v1.0,1,Nasreddine2005,Global screen; +1 education correction; ceiling effects in mild impairment,A_ranges_B_reliability_C_loading: ranges from scoring manuals (A); reliability from published validation (B); loading/intercept identity placeholders (C)
MEAS_TMT_B_TIME,Trail Making B Completion Time,TMT-B-sec,INST_TMT_B,NODE_COG_PROC_SPEED,total_score,seconds,0,300,lower_better,180,above,-1.0,300.0,0.89,test_retest,used_in_cancer,1.1,N/A,N/A,N/A,Age/education stratified (Tombaugh 2004),NORM_TMT_STRATIFIED,NOISE_TMT_B_TIME,0,last,1,[],moderate,15.0,floor,require,0,v1.0,1,Tombaugh2004,Time in seconds; lower = faster; practice effects ~5s per retest,A_ranges_B_reliability_C_loading: ranges from scoring manuals (A); reliability from published validation (B); loading/intercept identity placeholders (C)
MEAS_HVLTR_TOTAL_RECALL,HVLT-R Total Recall (Trials 1-3),HVLTR-TR,INST_HVLTR,NODE_COG_EPISODIC_MEM,subscale,words_correct,0,36,higher_better,N/A,N/A,1.0,0.0,0.74,test_retest,used_in_cancer,1.1,N/A,N/A,N/A,Age-stratified (Brandt & Benedict 2001),NORM_HVLTR_AGE,NOISE_HVLTR_TR,0,sum,1,"[""MEAS_HVLTR_DELAYED""]",low,N/A,none,require,0,v1.0,1,Brandt2001,Sum of words recalled across 3 learning trials; 12 words per list,A_ranges_B_reliability_C_loading: ranges from scoring manuals (A); reliability from published validation (B); loading/intercept identity placeholders (C)
MEAS_HVLTR_DELAYED,HVLT-R Delayed Recall,HVLTR-DR,INST_HVLTR,NODE_COG_EPISODIC_MEM,subscale,words_correct,0,12,higher_better,N/A,N/A,1.0,0.0,0.72,test_retest,used_in_cancer,1.1,N/A,N/A,N/A,Age-stratified (Brandt & Benedict 2001),NORM_HVLTR_AGE,NOISE_HVLTR_DR,0,last,0,"[""MEAS_HVLTR_TOTAL_RECALL""]",low,N/A,none,require,0,v1.0,1,Brandt2001,Free recall after 20-25 min delay; most sensitive to CRCI,A_ranges_B_reliability_C_loading: ranges from scoring manuals (A); reliability from published validation (B); loading/intercept identity placeholders (C)
MEAS_CPT_DPRIME,CPT d-prime,CPT-d',INST_CPT,NODE_COG_ATTN_SUSTAINED,subscale,d_prime_units,-2,6,higher_better,N/A,N/A,1.0,0.0,0.85,test_retest,used_in_cancer,1.1,N/A,N/A,N/A,Age/sex stratified (Conners 2014),NORM_CPT_STRATIFIED,NOISE_CPT_DP,0,last,1,[],low,N/A,none,optional,2,v1.0,1,Conners2014,Signal detection theory metric; higher = better discrimination,A_ranges_B_reliability_C_loading: ranges from scoring manuals (A); reliability from published validation (B); loading/intercept identity placeholders (C)
MEAS_STROOP_INTERFERENCE,Stroop Interference Score,Stroop-Int,INST_STROOP,NODE_COG_EXEC_INHIBITION,subscale,interference_score,-30,60,higher_better,N/A,N/A,1.0,0.0,0.8,test_retest,used_in_cancer,1.1,N/A,N/A,N/A,Age-stratified (Golden & Freshwater 2002),NORM_STROOP_AGE,NOISE_STROOP_INT,0,last,1,[],low,N/A,none,optional,2,v1.0,1,Golden2002,Color-word minus predicted; higher = better inhibitory control,A_ranges_B_reliability_C_loading: ranges from scoring manuals (A); reliability from published validation (B); loading/intercept identity placeholders (C)
MEAS_DIGIT_BACKWARD,Digit Span Backward,DSB,INST_DIGIT_SPAN,NODE_COG_WORK_MEM,subscale,scaled_score,0,16,higher_better,N/A,N/A,1.0,0.0,0.82,internal_consistency,used_in_cancer,1.1,N/A,N/A,N/A,WAIS-IV norms (Wechsler 2008),NORM_WAIS_STRATIFIED,NOISE_DSB,0,last,1,[],low,N/A,none,optional,2,v1.0,1,Wechsler2008,Backward span most sensitive to working memory; scaled score metric,A_ranges_B_reliability_C_loading: ranges from scoring manuals (A); reliability from published validation (B); loading/intercept identity placeholders (C)
MEAS_COWAT_PHONEMIC,COWAT Phonemic Fluency (FAS),FAS,INST_COWAT,NODE_COG_VERBAL_FLUENCY,subscale,total_words,0,80,higher_better,N/A,N/A,1.0,0.0,0.83,test_retest,used_in_cancer,1.1,N/A,N/A,N/A,Age/education/sex norms (Tombaugh 1999),NORM_COWAT_STRATIFIED,NOISE_COWAT_PHON,0,sum,1,"[""MEAS_COWAT_SEMANTIC""]",low,N/A,none,optional,2,v1.0,1,Tombaugh1999,Sum of 3 letter trials (F+A+S); 60 seconds each,A_ranges_B_reliability_C_loading: ranges from scoring manuals (A); reliability from published validation (B); loading/intercept identity placeholders (C)
MEAS_COWAT_SEMANTIC,COWAT Semantic Fluency (Animals),Animals,INST_COWAT,NODE_COG_VERBAL_FLUENCY,subscale,total_words,0,60,higher_better,N/A,N/A,1.0,0.0,0.8,test_retest,used_in_cancer,1.1,N/A,N/A,N/A,Age/education norms,NORM_COWAT_STRATIFIED,NOISE_COWAT_SEM,0,last,0,"[""MEAS_COWAT_PHONEMIC""]",low,N/A,none,optional,2,v1.0,1,Tombaugh1999,Category fluency; animals in 60 seconds; more sensitive to semantic memory,A_ranges_B_reliability_C_loading: ranges from scoring manuals (A); reliability from published validation (B); loading/intercept identity placeholders (C)
MEAS_FACIT_F_TOTAL,FACIT-Fatigue Total,FACIT-F-total,INST_FACIT_FATIGUE,NODE_SYM_FATIGUE,total_score,points_0_52,0,52,higher_better,30,below,1.0,0.0,0.95,internal_consistency,validated_in_cancer,1.0,N/A,N/A,N/A,Cancer patients (Yellen 1997),NORM_FACIT_CANCER,NOISE_FACIT_F_T,7,sum,1,"[""MEAS_BFI_SEVERITY"", ""MEAS_LFS_MORNING""]",none,3.0,ceiling,require,1,v1.0,1,Yellen1997,Higher = less fatigue; MCID 3 points; Tier 1,A_ranges_B_reliability_C_loading: ranges from scoring manuals (A); reliability from published validation (B); loading/intercept identity placeholders (C)
MEAS_BFI_SEVERITY,BFI Fatigue Severity,BFI-sev,INST_BFI,NODE_SYM_FATIGUE,subscale,points_0_10,0,10,lower_better,4.0,above,-1.0,10.0,0.96,internal_consistency,validated_in_cancer,1.0,N/A,N/A,N/A,Cancer patients (Mendoza 1999),NORM_BFI_CANCER,NOISE_BFI_SEV,1,mean,0,"[""MEAS_FACIT_F_TOTAL"", ""MEAS_LFS_MORNING""]",none,1.0,floor,optional,1,v1.0,1,Mendoza1999,"3-item severity: worst, usual, now; 0-10 NRS each",A_ranges_B_reliability_C_loading: ranges from scoring manuals (A); reliability from published validation (B); loading/intercept identity placeholders (C)
MEAS_LFS_MORNING,LFS Morning Fatigue,LFS-AM,INST_LFS,NODE_SYM_FATIGUE,subscale,points_0_10,0,10,lower_better,3.2,above,-1.0,10.0,0.95,internal_consistency,validated_in_cancer,1.0,N/A,N/A,N/A,Oncology patients (Lee 1991),NORM_LFS_CANCER,NOISE_LFS_AM,1,mean,1,"[""MEAS_LFS_EVENING""]",none,1.0,none,require,1,v1.0,1,Lee1991,Oppegaard 2023 co-occurring symptom indicator; cutoff >3.2,A_ranges_B_reliability_C_loading: ranges from scoring manuals (A); reliability from published validation (B); loading/intercept identity placeholders (C)
MEAS_LFS_EVENING,LFS Evening Fatigue,LFS-PM,INST_LFS,NODE_SYM_FATIGUE,subscale,points_0_10,0,10,lower_better,5.6,above,-1.0,10.0,0.95,internal_consistency,validated_in_cancer,1.0,N/A,N/A,N/A,Oncology patients (Lee 1991),NORM_LFS_CANCER,NOISE_LFS_PM,1,mean,0,"[""MEAS_LFS_MORNING""]",none,1.0,none,require,1,v1.0,1,Lee1991,Oppegaard 2023 co-occurring symptom indicator; cutoff >5.6,A_ranges_B_reliability_C_loading: ranges from scoring manuals (A); reliability from published validation (B); loading/intercept identity placeholders (C)
MEAS_PHQ9_TOTAL,PHQ-9 Depression Severity Total,PHQ9-total,INST_PHQ9,NODE_SYM_DEPRESSION,total_score,points_0_27,0,27,lower_better,10,above,-1.0,27.0,0.89,internal_consistency,validated_in_cancer,1.0,N/A,N/A,N/A,Primary care and cancer (Kroenke 2001),NORM_PHQ9_CANCER,NOISE_PHQ9_T,14,sum,1,"[""MEAS_CESD_TOTAL""]",moderate,5.0,floor,require,1,v1.0,1,Kroenke2001,5/10/15/20 severity cutoffs; somatic items 3-5 overlap cancer symptoms,A_ranges_B_reliability_C_loading: ranges from scoring manuals (A); reliability from published validation (B); loading/intercept identity placeholders (C)
MEAS_CESD_TOTAL,CES-D Depression Total,CESD-total,INST_CESD,NODE_SYM_DEPRESSION,total_score,points_0_60,0,60,lower_better,16,above,-1.0,60.0,0.9,internal_consistency,validated_in_cancer,1.0,N/A,N/A,N/A,General population (Radloff 1977),NORM_CESD_GENERAL,NOISE_CESD_T,7,sum,0,"[""MEAS_PHQ9_TOTAL""]",moderate,4.0,floor,optional,1,v1.0,1,Radloff1977,Oppegaard 2023 co-occurring symptom indicator; cutoff ≥16,A_ranges_B_reliability_C_loading: ranges from scoring manuals (A); reliability from published validation (B); loading/intercept identity placeholders (C)
MEAS_GAD7_TOTAL,GAD-7 Anxiety Severity Total,GAD7-total,INST_GAD7,NODE_SYM_ANXIETY,total_score,points_0_21,0,21,lower_better,10,above,-1.0,21.0,0.92,internal_consistency,validated_in_cancer,1.0,N/A,N/A,N/A,Primary care and cancer (Spitzer 2006),NORM_GAD7_CANCER,NOISE_GAD7_T,14,sum,1,"[""MEAS_STAI_STATE""]",low,4.0,floor,require,2,v1.0,1,Spitzer2006,5/10/15 severity cutoffs; Tier 2,A_ranges_B_reliability_C_loading: ranges from scoring manuals (A); reliability from published validation (B); loading/intercept identity placeholders (C)
MEAS_STAI_STATE,STAI State Anxiety Score,STAI-S-total,INST_STAI_S,NODE_SYM_ANXIETY,total_score,points_20_80,20,80,lower_better,32.2,above,-1.0,80.0,0.93,internal_consistency,validated_in_cancer,1.0,N/A,N/A,N/A,US adults (Spielberger 1983),NORM_STAI_US,NOISE_STAI_T,0,sum,0,"[""MEAS_GAD7_TOTAL""]",low,5.0,none,optional,1,v1.0,1,Spielberger1983,Oppegaard 2023 co-occurring symptom indicator; cutoff >32.2,A_ranges_B_reliability_C_loading: ranges from scoring manuals (A); reliability from published validation (B); loading/intercept identity placeholders (C)
MEAS_PSQI_GLOBAL,PSQI Global Score,PSQI-global,INST_PSQI,NODE_SYM_SLEEP_DISRUPTION,total_score,points_0_21,0,21,lower_better,5,above,-1.0,21.0,0.83,internal_consistency,validated_in_cancer,1.0,N/A,N/A,N/A,Healthy adults (Buysse 1989),NORM_PSQI_CANCER,NOISE_PSQI_G,30,sum,1,"[""MEAS_ISI_TOTAL"", ""MEAS_GSDS_TOTAL""]",none,3.0,floor,require,1,v1.0,1,Buysse1989,7 component scores summed; >5 poor sleep; Tier 1,A_ranges_B_reliability_C_loading: ranges from scoring manuals (A); reliability from published validation (B); loading/intercept identity placeholders (C)
MEAS_PSQI_LATENCY,PSQI Sleep Latency Component,PSQI-lat,INST_PSQI,NODE_SYM_SLEEP_DISRUPTION,component,points_0_3,0,3,lower_better,N/A,N/A,-0.85,3.0,0.75,internal_consistency,validated_in_cancer,1.0,N/A,N/A,N/A,Healthy adults,NORM_PSQI_CANCER,NOISE_PSQI_LAT,30,sum,0,[],none,N/A,floor,optional,1,v1.0,1,Buysse1989,Component 2: time to fall asleep; 0-3 scoring,A_ranges_B_reliability_C_loading: ranges from scoring manuals (A); reliability from published validation (B); loading/intercept identity placeholders (C)
MEAS_PSQI_DURATION,PSQI Sleep Duration Component,PSQI-dur,INST_PSQI,NODE_SYM_SLEEP_DISRUPTION,component,points_0_3,0,3,lower_better,N/A,N/A,-0.85,3.0,0.72,internal_consistency,validated_in_cancer,1.0,N/A,N/A,N/A,Healthy adults,NORM_PSQI_CANCER,NOISE_PSQI_DUR,30,sum,0,[],none,N/A,floor,optional,1,v1.0,1,Buysse1989,Component 3: total hours of sleep; 0-3 scoring,A_ranges_B_reliability_C_loading: ranges from scoring manuals (A); reliability from published validation (B); loading/intercept identity placeholders (C)
MEAS_PSQI_EFFICIENCY,PSQI Habitual Sleep Efficiency Component,PSQI-eff,INST_PSQI,NODE_BEH_SLEEP_QUALITY,component,points_0_3,0,3,lower_better,N/A,N/A,-0.85,3.0,0.7,internal_consistency,validated_in_cancer,1.0,N/A,N/A,N/A,Healthy adults,NORM_PSQI_CANCER,NOISE_PSQI_EFF,30,sum,1,[],none,N/A,none,optional,1,v1.0,1,Buysse1989,Component 4: hours slept / hours in bed × 100; maps to sleep quality behavior node; DESIGNATED PRIMARY for NODE_BEH_SLEEP_QUALITY; aggregation: 7-day mean when combined with actigraphy,A_ranges_B_reliability_C_loading: ranges from scoring manuals (A); reliability from published validation (B); loading/intercept identity placeholders (C)
MEAS_ISI_TOTAL,ISI Insomnia Severity Total,ISI-total,INST_ISI,NODE_SYM_SLEEP_DISRUPTION,total_score,points_0_28,0,28,lower_better,8,above,-1.0,28.0,0.9,internal_consistency,validated_in_cancer,1.0,N/A,N/A,N/A,Insomnia patients (Morin 2011),NORM_ISI_CANCER,NOISE_ISI_T,14,sum,0,"[""MEAS_PSQI_GLOBAL""]",none,6.0,floor,require,2,v1.0,1,Morin2011,"8-14 subthreshold, 15-21 moderate, 22-28 severe; Tier 2",A_ranges_B_reliability_C_loading: ranges from scoring manuals (A); reliability from published validation (B); loading/intercept identity placeholders (C)
MEAS_GSDS_TOTAL,GSDS Total Sleep Disturbance,GSDS-total,INST_GSDS,NODE_SYM_SLEEP_DISRUPTION,total_score,points_0_147,0,147,lower_better,43.0,above,-1.0,147.0,0.88,internal_consistency,validated_in_cancer,1.0,N/A,N/A,N/A,Cancer patients (Lee 1992),NORM_GSDS_CANCER,NOISE_GSDS_T,7,sum,0,"[""MEAS_PSQI_GLOBAL""]",none,5.0,none,optional,1,v1.0,1,Lee1992,Oppegaard 2023 co-occurring symptom indicator; cutoff >43.0,A_ranges_B_reliability_C_loading: ranges from scoring manuals (A); reliability from published validation (B); loading/intercept identity placeholders (C)
MEAS_BPI_WORST_PAIN,BPI Worst Pain Intensity,BPI-worst,INST_BPI,NODE_SYM_PAIN,subscale,points_0_10,0,10,lower_better,4.0,above,-1.0,10.0,0.91,internal_consistency,validated_in_cancer,1.0,N/A,N/A,N/A,Cancer pain (Cleeland 1994),NORM_BPI_CANCER,NOISE_BPI_WORST,1,max,1,"[""MEAS_NRS_PAIN""]",none,2.0,floor,require,1,v1.0,1,Cleeland1994,Oppegaard 2023 uses worst pain intensity; single item 0-10,A_ranges_B_reliability_C_loading: ranges from scoring manuals (A); reliability from published validation (B); loading/intercept identity placeholders (C)
MEAS_BPI_INTERFERENCE,BPI Pain Interference,BPI-interf,INST_BPI,NODE_SYM_PAIN,subscale,points_0_10,0,10,lower_better,4.0,above,-1.0,10.0,0.93,internal_consistency,validated_in_cancer,1.0,N/A,N/A,N/A,Cancer pain (Cleeland 1994),NORM_BPI_CANCER,NOISE_BPI_INT,1,mean,0,[],moderate,2.0,floor,optional,1,v1.0,1,Cleeland1994,7-item interference scale; mean of items,A_ranges_B_reliability_C_loading: ranges from scoring manuals (A); reliability from published validation (B); loading/intercept identity placeholders (C)
MEAS_NRS_PAIN,NRS Pain Intensity,NRS-pain,INST_NRS_PAIN,NODE_SYM_PAIN,total_score,points_0_10,0,10,lower_better,4,above,-1.0,10.0,0.95,test_retest,validated_in_cancer,1.0,N/A,N/A,N/A,Cancer pain (Breivik 2008),NORM_NRS_CANCER,NOISE_NRS_PAIN_T,1,last,0,"[""MEAS_BPI_WORST_PAIN""]",none,2.0,floor,optional,N/A,v1.0,1,Breivik2008,"Single-item 0-10; simplest pain measure; ≥4 moderate, ≥7 severe",A_ranges_B_reliability_C_loading: ranges from scoring manuals (A); reliability from published validation (B); loading/intercept identity placeholders (C)
MEAS_PSS_TOTAL,PSS Perceived Stress Total,PSS-total,INST_PSS,NODE_BEH_STRESS_MGMT,total_score,points_0_40,0,40,lower_better,20,above,-1.0,40.0,0.85,internal_consistency,used_in_cancer,1.1,N/A,N/A,N/A,US adults (Cohen 1983),NORM_PSS_US,NOISE_PSS_T,7,sum,1,[],none,4.0,none,optional,N/A,v1.0,1,Cohen1983,Oppegaard 2023 patient-specific factor; largest association with CRCI within latent variable,A_ranges_B_reliability_C_loading: ranges from scoring manuals (A); reliability from published validation (B); loading/intercept identity placeholders (C)
MEAS_IESR_TOTAL,IES-R Cancer-Specific Stress Total,IESR-total,INST_IES_R,NODE_BEH_STRESS_MGMT,total_score,points_0_88,0,88,lower_better,24,above,-1.0,88.0,0.96,internal_consistency,validated_in_cancer,1.0,N/A,N/A,N/A,Trauma-exposed adults (Weiss 1997),NORM_IESR_TRAUMA,NOISE_IESR_T,7,sum,0,[],low,6.0,floor,optional,N/A,v1.0,1,Weiss1997,Oppegaard 2023 patient-specific factor; cutoff >24 for clinically significant stress,A_ranges_B_reliability_C_loading: ranges from scoring manuals (A); reliability from published validation (B); loading/intercept identity placeholders (C)
MEAS_LSCR_COUNT,LSC-R Lifetime Stressor Count,LSCR-count,INST_LSC_R,NODE_BEH_STRESS_MGMT,total_score,count_0_30,0,30,lower_better,N/A,N/A,-1.0,30.0,0.8,test_retest,used_in_cancer,1.1,N/A,N/A,N/A,PTSD research (Wolfe 1997),NORM_LSCR_GENERAL,NOISE_LSCR_CT,0,sum,1,[],none,N/A,none,optional,N/A,v1.0,1,Wolfe1997,Oppegaard 2023 SDOH indicator; cumulative lifetime stress; sum of endorsed events,A_ranges_B_reliability_C_loading: ranges from scoring manuals (A); reliability from published validation (B); loading/intercept identity placeholders (C)
MEAS_CDRISC_TOTAL,CD-RISC Resilience Total,CDRISC-total,INST_CDRISC,NODE_BEH_STRESS_MGMT,total_score,points_0_40,0,40,higher_better,N/A,N/A,1.0,0.0,0.89,internal_consistency,used_in_cancer,1.1,N/A,N/A,N/A,US general population (Connor 2003),NORM_CDRISC_US,NOISE_CDRISC_T,30,sum,1,[],none,3.0,ceiling,optional,N/A,v1.0,1,Connor2003,Oppegaard 2023 SDOH indicator; 10-item version; sample mean 30.1,A_ranges_B_reliability_C_loading: ranges from scoring manuals (A); reliability from published validation (B); loading/intercept identity placeholders (C)
MEAS_KPS_SCORE,KPS Functional Status Score,KPS-score,INST_KPS,NODE_SYM_DECONDITIONING,total_score,points_10_100,10,100,higher_better,80,below,1.0,0.0,0.85,inter_rater,validated_in_cancer,1.0,N/A,N/A,N/A,Oncology standard (Karnofsky 1948),NORM_KPS_CANCER,NOISE_KPS_T,0,last,1,"[""MEAS_6MWT_DISTANCE""]",none,10.0,ceiling,require,N/A,v1.0,1,Karnofsky1948,Oppegaard 2023 patient-specific factor; decile scale 10-100; sample mean 80,A_ranges_B_reliability_C_loading: ranges from scoring manuals (A); reliability from published validation (B); loading/intercept identity placeholders (C)
MEAS_SCQ_TOTAL,SCQ Comorbidity Burden,SCQ-total,INST_SCQ,NODE_EXO_COMORBIDITY,total_score,points_0_36,0,36,lower_better,N/A,N/A,-1.0,36.0,0.84,test_retest,validated_in_cancer,1.0,N/A,N/A,N/A,Surgical patients (Sangha 2003),NORM_SCQ_GENERAL,NOISE_SCQ_T,0,sum,1,"[""MEAS_CCI_INDEX""]",none,N/A,floor,require,N/A,v1.0,1,Sangha2003,Oppegaard 2023 patient-specific factor; sample mean 5.5,A_ranges_B_reliability_C_loading: ranges from scoring manuals (A); reliability from published validation (B); loading/intercept identity placeholders (C)
MEAS_CCI_INDEX,Charlson Comorbidity Index,CCI-index,INST_CCI,NODE_EXO_COMORBIDITY,total_score,weighted_index,0,37,lower_better,N/A,N/A,-1.0,37.0,0.85,inter_rater,validated_in_cancer,1.0,N/A,N/A,N/A,Medical inpatients (Charlson 1987),NORM_CCI_GENERAL,NOISE_CCI_T,0,sum,0,"[""MEAS_SCQ_TOTAL""]",none,N/A,floor,optional,N/A,v1.0,1,Charlson1987,Weighted sum of 19 conditions; alternative to SCQ,A_ranges_B_reliability_C_loading: ranges from scoring manuals (A); reliability from published validation (B); loading/intercept identity placeholders (C)
MEAS_NEO_NEUROTICISM,NEO-FFI Neuroticism Score,NEO-N,INST_NEO_FFI,NODE_BEH_STRESS_MGMT,total_score,points_0_48,0,48,lower_better,N/A,N/A,-1.0,48.0,0.86,internal_consistency,used_in_cancer,1.1,N/A,N/A,N/A,US adults (Costa & McCrae 1992),NORM_NEO_US,NOISE_NEO_N_T,0,sum,1,[],none,N/A,none,optional,N/A,v1.0,1,Costa1992,"Oppegaard 2023 patient-specific factor; sample mean 15.1; trait measure, stable",A_ranges_B_reliability_C_loading: ranges from scoring manuals (A); reliability from published validation (B); loading/intercept identity placeholders (C)
MEAS_MAX2_INDEX,MAX2 Chemotherapy Toxicity Index,MAX2-idx,INST_MAX2,NODE_EXO_CHEMO_REGIMEN,total_score,index_0_1,0,1,lower_better,N/A,N/A,-1.0,1.0,0.9,inter_rater,validated_in_cancer,1.0,N/A,N/A,N/A,ECOG trials (Extermann 2004),NORM_MAX2_ECOG,NOISE_MAX2_T,0,last,1,[],none,N/A,floor,require,N/A,v1.0,1,Extermann2004,"Oppegaard 2023 treatment factor; sample mean 0.17; regimen-level, not patient-level",A_verified: clinical record extraction; ranges definitional
MEAS_IPAQ_TOTAL_MET,IPAQ Total MET-minutes/week,IPAQ-MET,INST_IPAQ,NODE_BEH_PHYSICAL_ACTIVITY,total_score,MET_min_week,0,99999,higher_better,600,below,1.0,0.0,0.8,test_retest,used_in_cancer,1.1,N/A,N/A,N/A,26-country validation (Craig 2003),NORM_IPAQ_INTL,NOISE_IPAQ_T,7,sum,1,"[""MEAS_GLTEQ_LSI"", ""MEAS_ACCEL_STEPS""]",moderate,500.0,floor,require,1,v1.0,1,Craig2003,"<600 low, 600-3000 moderate, >3000 high activity level",A_ranges_B_reliability_C_loading: ranges from scoring manuals (A); reliability from published validation (B); loading/intercept identity placeholders (C)
MEAS_GLTEQ_LSI,GLTEQ Leisure Score Index,GLTEQ-LSI,INST_GLTEQ,NODE_BEH_PHYSICAL_ACTIVITY,total_score,leisure_units,0,999,higher_better,24,below,1.0,0.0,0.74,test_retest,validated_in_cancer,1.0,N/A,N/A,N/A,Cancer exercise studies (Godin 1985),NORM_GLTEQ_CANCER,NOISE_GLTEQ_T,7,sum,0,"[""MEAS_IPAQ_TOTAL_MET"", ""MEAS_ACCEL_STEPS""]",moderate,5.0,floor,optional,1,v1.0,1,Godin1985,"<14 insufficiently active, 14-23 moderate, ≥24 active",A_ranges_B_reliability_C_loading: ranges from scoring manuals (A); reliability from published validation (B); loading/intercept identity placeholders (C)
MEAS_6MWT_DISTANCE,6MWT Walk Distance,6MWT-m,INST_6MWT,NODE_SYM_DECONDITIONING,total_score,meters,0,900,higher_better,400,below,1.0,0.0,0.95,test_retest,used_in_cancer,1.1,N/A,N/A,N/A,Rehabilitation (ATS 2002),NORM_6MWT_AGE,NOISE_6MWT_T,0,last,0,"[""MEAS_KPS_SCORE""]",none,30.0,ceiling,optional,N/A,v1.0,1,ATS2002,Distance in meters; <400m significant impairment; age/sex/height adjusted,A_ranges_B_reliability_C_loading: ranges from scoring manuals (A); reliability from published validation (B); loading/intercept identity placeholders (C)
MEAS_ACCEL_STEPS,Accelerometry Steps/Day,Accel-steps,INST_ACCEL,NODE_BEH_PHYSICAL_ACTIVITY,wearable_stream,steps_per_day,0,50000,higher_better,5000,below,1.0,0.0,0.9,test_retest,used_in_cancer,1.1,N/A,N/A,7_day_minimum_wear,Device norms,NORM_ACCEL_GENERAL,NOISE_ACCEL_STEP,1,mean,0,"[""MEAS_IPAQ_TOTAL_MET""]",none,1000.0,floor,optional,1,v1.0,1,vanHees2015,"Objective PA; 7-day mean; <5000 sedentary, 5000-7500 low active, >10000 active",B_ranges_B_reliability_C_loading: device-dependent (B); loading/intercept placeholders (C)
MEAS_ACCEL_SLEEP_EFF,Accelerometry Sleep Efficiency,Accel-SE,INST_ACCEL,NODE_BEH_SLEEP_QUALITY,wearable_stream,percent,0,100,higher_better,85,below,1.0,0.0,0.85,test_retest,used_in_cancer,1.1,N/A,N/A,7_day_minimum_wear,Device norms,NORM_ACCEL_GENERAL,NOISE_ACCEL_SE,1,mean,0,"[""MEAS_PSQI_GLOBAL""]",none,5.0,ceiling,optional,1,v1.0,1,vanHees2015,Objective sleep efficiency; ≥85% normal; 7-day mean from wrist actigraphy,B_ranges_B_reliability_C_loading: device-dependent (B); loading/intercept placeholders (C)
MEAS_LSNS_TOTAL,LSNS-6 Social Network Total,LSNS-total,INST_LSNS,NODE_BEH_SOCIAL_ENGAGE,total_score,points_0_30,0,30,higher_better,12,below,1.0,0.0,0.83,internal_consistency,used_in_cancer,1.1,N/A,N/A,N/A,Community elderly (Lubben 2006),NORM_LSNS_ELDERLY,NOISE_LSNS_T,30,sum,1,[],none,3.0,ceiling,optional,N/A,v1.0,1,Lubben2006,<12 at risk for social isolation; each subscale 0-15,A_ranges_B_reliability_C_loading: ranges from scoring manuals (A); reliability from published validation (B); loading/intercept identity placeholders (C)
MEAS_MEDDIET_SCORE,Mediterranean Diet Adherence,MedDiet-score,INST_MED_DIET,NODE_BEH_DIET,total_score,points_0_14,0,14,higher_better,9,below,1.0,0.0,0.75,test_retest,general_population,1.3,N/A,N/A,N/A,PREDIMED cohort,NORM_MEDDIET_PRED,NOISE_MEDDIET_T,7,sum,1,[],none,2.0,none,optional,N/A,v1.0,1,MartinezGonzalez2012,14-item screener; ≥9 good adherence,A_ranges_B_reliability_C_loading: ranges from scoring manuals (A); reliability from published validation (B); loading/intercept identity placeholders (C)
MEAS_GSES_TOTAL,GSES Self-Efficacy Total,GSES-total,INST_GSES,NODE_BEH_SELF_EFFICACY,total_score,points_10_40,10,40,higher_better,N/A,N/A,1.0,0.0,0.86,internal_consistency,used_in_cancer,1.1,N/A,N/A,N/A,International norms (Schwarzer 1995),NORM_GSES_INTL,NOISE_GSES_T,0,sum,1,[],none,3.0,ceiling,optional,N/A,v1.0,1,Schwarzer1995,10-40 range; higher = greater self-efficacy,A_ranges_B_reliability_C_loading: ranges from scoring manuals (A); reliability from published validation (B); loading/intercept identity placeholders (C)
MEAS_IL6_CONC,IL-6 Plasma Concentration,IL6-pg/mL,INST_IL6_PLASMA,NODE_BIO_IL6,assay_value,pg_mL,0,100,lower_better,3.0,above,-1.0,0.0,0.92,assay_cv,validated_in_cancer,1.0,hs_ELISA,plasma,fasting_preferred,Healthy adult <3.0 pg/mL,NORM_IL6_HEALTHY,NOISE_IL6_T,0,last,1,[],none,0.5,none,require,1,v1.0,1,Ridker2000,Log-transformed for analysis; CV <10%; fasting plasma,B_ranges_B_reliability_C_loading: assay ranges from reference standards (B); CV from approximate kit specs (B); loading/intercept identity placeholders (C)
MEAS_CRP_CONC,hs-CRP Serum Concentration,CRP-mg/L,INST_CRP_HS,NODE_BIO_CRP,assay_value,mg_L,0,200,lower_better,3.0,above,-1.0,0.0,0.95,assay_cv,validated_in_cancer,1.0,immunoturbidimetric,serum,exclude_if_above_10_acute,"<1 low, 1-3 moderate, >3 high CV risk",NORM_CRP_CV,NOISE_CRP_T,0,last,1,[],none,0.5,none,require,1,v1.0,1,Ridker2003,Log-transformed; CV <5%; exclude >10 mg/L (acute infection),B_ranges_B_reliability_C_loading: assay ranges from reference standards (B); CV from approximate kit specs (B); loading/intercept identity placeholders (C)
MEAS_TNF_CONC,TNF-α Plasma Concentration,TNFa-pg/mL,INST_TNF_PLASMA,NODE_BIO_TNF,assay_value,pg_mL,0,100,lower_better,N/A,N/A,-1.0,0.0,0.9,assay_cv,validated_in_cancer,1.0,hs_ELISA,plasma,fasting_preferred,Healthy adult <8.1 pg/mL,NORM_TNF_HEALTHY,NOISE_TNF_T,0,last,1,[],none,N/A,none,require,2,v1.0,1,Robak1998,Less stable than IL-6/CRP; log-transformed; CV <10%,B_ranges_B_reliability_C_loading: assay ranges from reference standards (B); CV from approximate kit specs (B); loading/intercept identity placeholders (C)
MEAS_BDNF_CONC,Plasma BDNF Concentration,BDNF-pg/mL,INST_BDNF_PLASMA,NODE_BIO_BDNF,assay_value,pg_mL,0,50000,higher_better,N/A,N/A,1.0,0.0,0.88,assay_cv,validated_in_cancer,1.0,ELISA,plasma,fasting_morning_preferred,Wide range; plasma not serum,NORM_BDNF_HEALTHY,NOISE_BDNF_T,0,last,1,[],none,N/A,none,require,2,v1.0,1,Fernandes2015,PLASMA BDNF in pg/mL (typical range 100-40000 pg/mL); NOT ng/mL; ELISA kit-specific; fasting AM collection; PLASMA not serum (critical); CV 10-15%; unit_ucum: pg/mL,B_ranges_B_reliability_C_loading: assay ranges from reference standards (B); CV from approximate kit specs (B); loading/intercept identity placeholders (C)
MEAS_CORTISOL_SLOPE,Salivary Cortisol Diurnal Slope,Cort-slope,INST_CORTISOL_SLOPE,NODE_BIO_CORTISOL,computed_index,ug_dL_per_hour,-0.5,0,lower_better,-0.09,above,-1.0,0.0,0.8,test_retest,validated_in_cancer,1.0,immunoassay,saliva,4_timepoints_2_days_minimum,Steeper (more negative) = healthier,NORM_CORTISOL_HEALTHY,NOISE_CORT_T,0,slope,1,[],none,0.01,none,require,2,v1.0,1,Adam2006,"Slope of 4 timepoints: wake, +30min, +8h, bedtime; ≥2 days; flatter = HPA dysregulation",C_loading_B_ranges: computation-dependent; loading/intercept are placeholders (C); ranges approximate (B)
MEAS_P16_EXPR,p16^INK4a T-Cell Expression Level,p16-expr,INST_P16_TCELL,NODE_BIO_P16,assay_value,relative_expression,0,100,lower_better,N/A,N/A,-1.0,0.0,0.85,assay_cv,validated_in_cancer,1.0,flow_cytometry_or_qRTPCR,peripheral_blood,T_cell_isolation,Age-adjusted (Sanoff 2014),NORM_P16_AGE,NOISE_P16_T,0,last,1,[],none,N/A,none,require,2,v1.0,1,Sanoff2014,Increases with biological aging; chemotherapy accelerates expression,B_ranges_B_reliability_C_loading: assay ranges from reference standards (B); CV from approximate kit specs (B); loading/intercept identity placeholders (C)
MEAS_GH2AX_FOCI,γ-H2AX Foci Per Cell,gH2AX-foci,INST_GH2AX_LYMPH,NODE_BIO_GH2AX,assay_value,foci_per_cell,0,50,lower_better,N/A,N/A,-1.0,0.0,0.82,assay_cv,validated_in_cancer,1.0,immunofluorescence,peripheral_blood,lymphocyte_isolation,Healthy <0.5 foci/cell,NORM_GH2AX_HEALTHY,NOISE_GH2AX_T,0,last,1,[],none,N/A,none,require,2,v1.0,1,Bonner2008,DNA double-strand break marker; elevated post-chemotherapy and radiation,B_ranges_B_reliability_C_loading: assay ranges from reference standards (B); CV from approximate kit specs (B); loading/intercept identity placeholders (C)
MEAS_8OHDG_CONC,8-OHdG Concentration,8OHdG-conc,INST_8OHDG,NODE_BIO_8OHDG,assay_value,ng_mL_or_ug_g_cr,0,100,lower_better,N/A,N/A,-1.0,0.0,0.88,assay_cv,validated_in_cancer,1.0,ELISA,urine_preferred_plasma_acceptable,spot_urine_or_fasting_plasma,Healthy adults,NORM_8OHDG_HEALTHY,NOISE_8OHDG_T,0,last,1,[],none,N/A,none,require,2,v1.0,1,Valavanidis2009,Oxidative DNA damage marker; urinary preferred for stability; creatinine-corrected,B_ranges_B_reliability_C_loading: assay ranges from reference standards (B); CV from approximate kit specs (B); loading/intercept identity placeholders (C)
MEAS_MDA_CONC,MDA Plasma Concentration,MDA-conc,INST_MDA_PLASMA,NODE_BIO_MDA,assay_value,umol_L,0,20,lower_better,N/A,N/A,-1.0,0.0,0.85,assay_cv,validated_in_cancer,1.0,TBARS_or_HPLC,plasma,fasting_preferred,Healthy adults,NORM_MDA_HEALTHY,NOISE_MDA_T,0,last,1,[],none,N/A,none,require,2,v1.0,1,DelRio2005,Lipid peroxidation marker; HPLC more specific than TBARS,B_ranges_B_reliability_C_loading: assay ranges from reference standards (B); CV from approximate kit specs (B); loading/intercept identity placeholders (C)
MEAS_GLUCOSE_FASTING,Fasting Glucose Concentration,Glucose-mg/dL,INST_GLUCOSE_FASTING,NODE_BIO_GLUCOSE,assay_value,mg_dL,50,500,lower_better,100,above,-1.0,0.0,0.95,assay_cv,validated_in_cancer,1.0,clinical_chemistry,plasma_or_serum,fasting_8h_minimum,ADA: <100 normal,NORM_GLUCOSE_ADA,NOISE_GLUCOSE_T,0,last,1,[],none,10.0,none,require,2,v1.0,1,ADA2023,"Standard clinical lab; <100 normal, 100-125 prediabetes, ≥126 diabetes",B_ranges_B_reliability_C_loading: assay ranges from reference standards (B); CV from approximate kit specs (B); loading/intercept identity placeholders (C)
MEAS_NFL_CONC,NfL Plasma Concentration,NfL-pg/mL,INST_NFL_PLASMA,NODE_BIO_NFL,assay_value,pg_mL,0,1000,lower_better,N/A,N/A,-1.0,0.0,0.93,assay_cv,validated_in_cancer,1.0,Simoa,plasma,standard_phlebotomy,Age-adjusted (Khalil 2018),NORM_NFL_AGE,NOISE_NFL_T,0,last,1,[],none,N/A,none,require,2,v1.0,1,Khalil2018,Ultrasensitive Simoa immunoassay; neuroaxonal damage; age-dependent reference ranges,B_ranges_B_reliability_C_loading: assay ranges from reference standards (B); CV from approximate kit specs (B); loading/intercept identity placeholders (C)
MEAS_SHANNON_H,Shannon Diversity Index (Gut),Shannon-H,INST_SHANNON_16S,NODE_BIO_SHANNON,assay_value,shannon_index,0,10,higher_better,N/A,N/A,1.0,0.0,0.75,test_retest,used_in_cancer,1.1,16S_rRNA_sequencing,fecal,fresh_or_stabilized_stool,Highly variable,NORM_SHANNON_HEALTHY,NOISE_SHANNON_T,0,last,1,[],none,N/A,none,require,2,v1.0,1,Knight2017,Higher = more diverse; batch effects significant; 16S rRNA sequencing,B_ranges_B_reliability_C_loading: assay ranges from reference standards (B); CV from approximate kit specs (B); loading/intercept identity placeholders (C)
MEAS_APOE_STATUS,APOE e4 Carrier Status,APOE-status,INST_APOE_GENOTYPE,NODE_EXO_APOE,assay_value,ordinal_0_2,0,2,categorical,N/A,N/A,1.0,0.0,0.99,assay_cv,used_in_cancer,1.1,PCR_genotyping,peripheral_blood,one_time_test,Population allele frequencies,NORM_APOE_POP,NOISE_APOE_T,0,last,1,[],none,N/A,none,require,2,v1.0,1,Farrer1997,"0=non-carrier, 1=e4_heterozygous, 2=e4_homozygous; one-time test",B_ranges_B_reliability_C_loading: assay ranges from reference standards (B); CV from approximate kit specs (B); loading/intercept identity placeholders (C)
MEAS_PHQ2_SCREEN,PHQ-2 Depression Screen,PHQ2-screen,INST_PHQ2,NODE_SYM_DEPRESSION,total_score,points_0_6,0,6,lower_better,3,above,-1.0,6.0,0.83,internal_consistency,validated_in_cancer,1.0,N/A,N/A,N/A,Primary care (Kroenke 2003),NORM_PHQ2_GENERAL,NOISE_PHQ2_T,14,sum,0,"[""MEAS_PHQ9_TOTAL""]",moderate,1.0,floor,optional,N/A,v1.0,1,Kroenke2003,Ultra-brief depression screen; ≥3 positive; use during active treatment,A_ranges_B_reliability_C_loading: ranges from scoring manuals (A); reliability from published validation (B); loading/intercept identity placeholders (C)
MEAS_EORTC_COGNITION,EORTC QLQ-C30 Cognitive Function,EORTC-cog,INST_EORTC_C30,NODE_SYM_COG_COMPLAINTS,subscale,points_0_100,0,100,higher_better,N/A,N/A,0.8,0.0,0.72,internal_consistency,validated_in_cancer,1.0,N/A,N/A,N/A,International cancer patients (Aaronson 1993),NORM_EORTC_CANCER,NOISE_EORTC_COG,7,mean,0,"[""MEAS_AFI_TOTAL"", ""MEAS_FACTCOG_PCI_TOTAL""]",moderate,10.0,ceiling,optional,N/A,v1.0,1,Aaronson1993,2-item cognitive function subscale from QLQ-C30; limited sensitivity for CRCI,A_ranges_B_reliability_C_loading: ranges from scoring manuals (A); reliability from published validation (B); loading/intercept identity placeholders (C)
MEAS_EORTC_NAUSEA,EORTC QLQ-C30 Nausea/Vomiting,EORTC-naus,INST_EORTC_C30,NODE_SYM_APPETITE,subscale,points_0_100,0,100,lower_better,N/A,N/A,-1.0,100.0,0.8,internal_consistency,validated_in_cancer,1.0,N/A,N/A,N/A,International cancer patients (Aaronson 1993),NORM_EORTC_CANCER,NOISE_EORTC_NAUS,7,mean,1,[],none,10.0,floor,optional,N/A,v1.0,1,Aaronson1993,Symptom scale: higher = worse; maps to appetite/nausea node,A_ranges_B_reliability_C_loading: ranges from scoring manuals (A); reliability from published validation (B); loading/intercept identity placeholders (C)
MEAS_COGRESERVE_COMP,Cognitive Reserve Composite,CogRes-comp,INST_COG_RESERVE_COMP,NODE_EXO_COG_RESERVE,computed_index,z_score,-4,4,higher_better,N/A,N/A,1.0,0.0,0.78,internal_consistency,used_in_cancer,1.1,N/A,N/A,N/A,Population norms (Stern 2009),NORM_COGRESERVE_POP,NOISE_COGRESERVE_T,0,mean,1,[],none,0.5,none,optional,N/A,v1.0,1,Stern2009,Z-scored composite: education years + occupation complexity + reading-based IQ,C_loading_B_ranges: computation-dependent; loading/intercept are placeholders (C); ranges approximate (B)
MEAS_CAQ_TOTAL,CAQ Cognitive Activity Total,CAQ-total,INST_CAQ,NODE_BEH_COG_ACTIVITY,total_score,points_0_125,0,125,higher_better,N/A,N/A,1.0,0.0,0.82,internal_consistency,general_population,1.3,N/A,N/A,N/A,Community older adults (Wilson 2003),NORM_CAQ_ELDERLY,NOISE_CAQ_T,7,sum,1,[],none,N/A,none,optional,N/A,v1.0,1,Wilson2003,"Frequency of cognitively stimulating activities; reading, puzzles, games, etc.",A_ranges_B_reliability_C_loading: ranges from scoring manuals (A); reliability from published validation (B); loading/intercept identity placeholders (C)
MEAS_AGE_YEARS,Age at Diagnosis (years),Age-yrs,INST_CLINICAL_AGE,NODE_EXO_AGE,total_score,years,18,100,categorical,N/A,N/A,1.0,0.0,0.99,inter_rater,validated_in_cancer,1.0,N/A,N/A,N/A,N/A,NORM_AGE_POP,NOISE_AGE_T,0,last,1,[],none,N/A,none,require,0,v1.0,1,ClinicalRecord,Continuous 18-100; Tier 0; Oppegaard sample mean 57.2 (SD 12.4),A_verified: clinical record extraction; ranges definitional
MEAS_SEX_CATEGORY,Biological Sex Category,Sex-cat,INST_CLINICAL_SEX,NODE_EXO_SEX,total_score,category,0,2,categorical,N/A,N/A,1.0,0.0,0.99,inter_rater,validated_in_cancer,1.0,N/A,N/A,N/A,N/A,NORM_SEX_POP,NOISE_SEX_T,0,last,1,[],none,N/A,none,require,0,v1.0,1,ClinicalRecord,"0=male, 1=female, 2=other; Oppegaard sample 77.8% female",A_verified: clinical record extraction; ranges definitional
MEAS_CANCER_TYPE,Cancer Type Code,CType-code,INST_CLINICAL_CANCER_TYPE,NODE_EXO_CANCER_TYPE,total_score,category,0,9,categorical,N/A,N/A,1.0,0.0,0.99,inter_rater,validated_in_cancer,1.0,N/A,N/A,N/A,N/A,NORM_CANCER_TYPE,NOISE_CTYPE_T,0,last,1,[],none,N/A,none,require,0,v1.0,1,ClinicalRecord,Tier 0 required; 10-category ENUM per NODE_REGISTRY,A_verified: clinical record extraction; ranges definitional
MEAS_RADIATION_CAT,Radiation Exposure Category,Rad-cat,INST_CLINICAL_RADIATION,NODE_EXO_RADIATION,total_score,category,0,5,categorical,N/A,N/A,1.0,0.0,0.99,inter_rater,validated_in_cancer,1.0,N/A,N/A,N/A,N/A,NORM_RADIATION,NOISE_RAD_T,0,last,1,[],none,N/A,none,require,0,v1.0,1,ClinicalRecord,cranial/whole_brain/head_neck/thoracic/pelvic/none; cranial is highest CRCI risk,A_verified: clinical record extraction; ranges definitional
MEAS_TX_PHASE,Treatment Phase,TxPhase-cat,INST_CLINICAL_TX_PHASE,NODE_EXO_TX_PHASE,total_score,category,0,4,categorical,N/A,N/A,1.0,0.0,0.99,inter_rater,validated_in_cancer,1.0,N/A,N/A,N/A,N/A,NORM_TX_PHASE,NOISE_TXPH_T,0,last,1,[],none,N/A,none,require,0,v1.0,1,ClinicalRecord,Tier 0 required; 5-level ordinal; active_treatment is enrollment timepoint in Oppegaard,A_verified: clinical record extraction; ranges definitional
MEAS_TOL_TOTAL_CORRECT,Tower of London Total Correct,ToL-correct,INST_TOL,NODE_COG_EXEC_PLANNING,subscale,trials_correct,0,36,higher_better,N/A,N/A,1.0,0.0,0.79,test_retest,used_in_cancer,1.1,N/A,N/A,N/A,Age-stratified (Culbertson 2001),NORM_TOL_AGE,NOISE_TOL_T,0,sum,1,[],low,N/A,none,optional,2,v1.0,1,Culbertson2001,Number of problems solved in minimum moves; planning efficiency measure,A_ranges_B_reliability_C_loading: ranges from scoring manuals (A); reliability from published validation (B); loading/intercept identity placeholders (C)
MEAS_REY_COPY_ACCURACY,Rey Complex Figure Copy Accuracy,Rey-acc,INST_REY_COPY,NODE_COG_VISUOSPATIAL,subscale,points_0_36,0,36,higher_better,N/A,N/A,1.0,0.0,0.76,inter_rater,used_in_cancer,1.1,N/A,N/A,N/A,Age-stratified (Meyers 1995),NORM_REY_AGE,NOISE_REY_T,0,last,1,[],low,N/A,ceiling,optional,2,v1.0,1,Meyers1995,18-element scoring; copy condition for visuospatial construction,A_ranges_B_reliability_C_loading: ranges from scoring manuals (A); reliability from published validation (B); loading/intercept identity placeholders (C)
MEAS_BNT_CORRECT,Boston Naming Test Total Correct,BNT-correct,INST_BNT,NODE_COG_LANGUAGE,total_score,items_correct,0,60,higher_better,N/A,N/A,1.0,0.0,0.9,internal_consistency,used_in_cancer,1.1,N/A,N/A,N/A,Age/education norms (Kaplan 2001),NORM_BNT_STRATIFIED,NOISE_BNT_T,0,sum,1,[],low,N/A,ceiling,optional,2,v1.0,1,Kaplan2001,Confrontation naming; 60-item or 15-item short form,A_ranges_B_reliability_C_loading: ranges from scoring manuals (A); reliability from published validation (B); loading/intercept identity placeholders (C)
MEAS_PSQI_DISTURBANCES,PSQI Sleep Disturbances Component,PSQI-dist,INST_PSQI,NODE_SYM_SLEEP_DISRUPTION,component,points_0_3,0,3,lower_better,N/A,N/A,-0.85,3.0,0.7,internal_consistency,validated_in_cancer,1.0,N/A,N/A,N/A,Healthy adults,NORM_PSQI_CANCER,NOISE_PSQI_DIST,30,sum,0,[],none,N/A,floor,optional,1,v1.0,1,Buysse1989,Component 5: frequency of sleep disturbances; 0-3 scoring,A_ranges_B_reliability_C_loading: ranges from scoring manuals (A); reliability from published validation (B); loading/intercept identity placeholders (C)
MEAS_PSQI_DAYTIME,PSQI Daytime Dysfunction Component,PSQI-day,INST_PSQI,NODE_SYM_SLEEP_DISRUPTION,component,points_0_3,0,3,lower_better,N/A,N/A,-0.85,3.0,0.75,internal_consistency,validated_in_cancer,1.0,N/A,N/A,N/A,Healthy adults,NORM_PSQI_CANCER,NOISE_PSQI_DAY,30,sum,0,[],low,N/A,floor,optional,1,v1.0,1,Buysse1989,Component 7: daytime dysfunction due to sleepiness; overlaps with fatigue/cognition,A_ranges_B_reliability_C_loading: ranges from scoring manuals (A); reliability from published validation (B); loading/intercept identity placeholders (C)
MEAS_EORTC_FATIGUE,EORTC QLQ-C30 Fatigue,EORTC-fat,INST_EORTC_C30,NODE_SYM_FATIGUE,subscale,points_0_100,0,100,lower_better,N/A,N/A,-1.0,100.0,0.87,internal_consistency,validated_in_cancer,1.0,N/A,N/A,N/A,International cancer patients,NORM_EORTC_CANCER,NOISE_EORTC_FAT,7,mean,0,"[""MEAS_FACIT_F_TOTAL""]",moderate,10.0,none,optional,N/A,v1.0,1,Aaronson1993,Symptom scale: higher = worse fatigue; 3-item subscale,A_ranges_B_reliability_C_loading: ranges from scoring manuals (A); reliability from published validation (B); loading/intercept identity placeholders (C)
MEAS_EORTC_GLOBAL,EORTC QLQ-C30 Global Health/QoL,EORTC-glob,INST_EORTC_C30,NODE_SYM_DECONDITIONING,subscale,points_0_100,0,100,higher_better,N/A,N/A,0.85,0.0,0.88,internal_consistency,validated_in_cancer,1.0,N/A,N/A,N/A,International cancer patients,NORM_EORTC_CANCER,NOISE_EORTC_GLOB,7,mean,0,[],none,10.0,none,optional,N/A,v1.0,1,Aaronson1993,Global health status/QoL; 2-item; higher = better; general functional indicator,A_ranges_B_reliability_C_loading: ranges from scoring manuals (A); reliability from published validation (B); loading/intercept identity placeholders (C)
MEAS_IESR_INTRUSION,IES-R Intrusion Subscale,IESR-intrus,INST_IES_R,NODE_SYM_ANXIETY,subscale,points_0_32,0,32,lower_better,N/A,N/A,-0.9,32.0,0.94,internal_consistency,validated_in_cancer,1.0,N/A,N/A,N/A,Trauma samples (Weiss 1997),NORM_IESR_TRAUMA,NOISE_IESR_INT,7,sum,0,[],low,N/A,floor,optional,N/A,v1.0,1,Weiss1997,8-item intrusion subscale; cancer-related intrusive thoughts,A_ranges_B_reliability_C_loading: ranges from scoring manuals (A); reliability from published validation (B); loading/intercept identity placeholders (C)
MEAS_ACCEL_LIGHT,Accelerometry Light Exposure (>10k lux),Accel-lux,INST_ACCEL,NODE_BEH_LIGHT_EXPOSURE,wearable_stream,minutes_above_10k_lux,0,480,higher_better,30,below,1.0,0.0,0.8,test_retest,used_in_cancer,1.1,N/A,N/A,7_day_minimum_wear_with_light_sensor,Device norms,NORM_ACCEL_GENERAL,NOISE_ACCEL_LUX,1,mean,1,[],none,10.0,floor,optional,N/A,v1.0,1,vanHees2015,Minutes >10k lux within 2h of waking; requires light-enabled actigraphy device,B_ranges_B_reliability_C_loading: device-dependent (B); loading/intercept placeholders (C)
MEAS_STROOP_SELECTIVE,Stroop Selective Attention Score,Stroop-sel,INST_STROOP,NODE_COG_ATTN_SELECTIVE,subscale,color_naming_score,0,120,higher_better,N/A,N/A,1.0,0.0,0.78,test_retest,used_in_cancer,1.1,N/A,N/A,N/A,Age-stratified (Golden 2002),NORM_STROOP_AGE,NOISE_STROOP_SEL,0,last,1,"[""MEAS_CPT_DPRIME""]",low,N/A,none,optional,2,v1.0,1,Golden2002,Color naming condition; selective attention component; items correct in 45 seconds,A_ranges_B_reliability_C_loading: ranges from scoring manuals (A); reliability from published validation (B); loading/intercept identity placeholders (C)
