node_id,node_label,node_layer,clinical_domain,is_observable,is_latent,orientation,unit_of_measure,pathway_membership,proxy_for,proxy_r_squared,description,example_instruments,version,active
NODE_EXO_CHEMO_REGIMEN,Chemotherapy Regimen Class,0,treatment_exposure,1,0,CATEGORICAL,categorical,"[""M1"", ""M2"", ""M6"", ""M7"", ""M9"", ""M16""]",N/A_EXOGENOUS,N/A,"Chemotherapy regimen classification (anthracycline, taxane, platinum, alkylating, combination). Primary driver of treatment-induced neurotoxicity across multiple mechanistic pathways.","Clinical record extraction; ENUM {anthracycline_based, taxane_based, platinum_based, alkylating, antimetabolite, targeted_therapy, combination_chemo, none}",1,1
NODE_EXO_RADIATION,Radiation Exposure,0,treatment_exposure,1,0,CATEGORICAL,categorical,"[""M1"", ""M7"", ""M14""]",N/A_EXOGENOUS,N/A,"Radiation exposure type and location (cranial, whole-body, pelvic, none). Cranial radiation is strongest risk factor for direct CNS damage and BBB disruption.","Clinical record; ENUM {cranial, whole_brain, head_neck, thoracic, pelvic, none}",1,1
NODE_EXO_TX_PHASE,Treatment Phase,0,treatment_exposure,1,0,CATEGORICAL,categorical,"[""C1"", ""C2""]",N/A_EXOGENOUS,N/A,Current treatment phase. Drives prior selection (33 context-matched matrices) and modifier activation. Key variable for the 4-level fallback hierarchy in ALG-C1.,"Patient/clinical report; ENUM {pre_treatment, active_treatment, early_recovery, late_recovery, long_term_survivorship}",1,1
NODE_EXO_CANCER_TYPE,Cancer Type,0,treatment_exposure,1,0,CATEGORICAL,categorical,[],N/A_EXOGENOUS,N/A,Primary cancer diagnosis. Drives prior context matching and cancer-specific pathway activation patterns. Breast cancer has strongest evidence base; others use fallback priors.,"Clinical record; ENUM {breast, colorectal, lung, prostate, hematological, gynecological, head_neck, brain_cns, pediatric_survivor, other}",1,1
NODE_EXO_AGE,Age at Diagnosis,0,demographics,1,0,POS_DOWN,years,"[""M4"", ""M5"", ""M9""]",N/A_EXOGENOUS,N/A,"Age at cancer diagnosis. Modifies neuroplasticity response (BDNF), neurogenesis capacity, and senescence baseline. Grade B modifier for multiple pathways. ACC formula uses max(1,(age-50)/10).",Patient report or clinical record; continuous 18-100,1,1
NODE_EXO_SEX,Biological Sex,0,demographics,1,0,CATEGORICAL,categorical,"[""M3""]",N/A_EXOGENOUS,N/A,"Biological sex. Modifies HPA axis reactivity and hormonal pathway effects. Relevant for endocrine therapy interactions (tamoxifen, aromatase inhibitors).","Patient report; ENUM {male, female, other}",1,1
NODE_EXO_APOE,APOE Genotype Status,0,demographics,1,0,POS_DOWN,categorical,"[""M1"", ""M4"", ""M11""]",N/A_EXOGENOUS,N/A,APOE epsilon-4 carrier status. Grade A modifier (Pearce 2022). e4 carriers show attenuated exercise-cognition benefit and amplified neuroinflammatory response to chemotherapy.,"Genetic test; ENUM {e4_homozygous, e4_heterozygous, non_carrier, unknown}",1,1
NODE_EXO_COG_RESERVE,Premorbid Cognitive Reserve,0,demographics,1,0,POS_UP,composite_score,"[""M4"", ""M15""]",N/A_EXOGENOUS,N/A,"Premorbid cognitive reserve proxy based on education, occupation, and premorbid IQ. Grade B modifier (Stern 2009). m_CR in [0.7, 1.3]: >16yr edu → 0.7 (protective); <12yr → 1.3 (vulnerability).",Education years + occupation complexity; continuous composite or ordinal,1,1
NODE_EXO_COMORBIDITY,Comorbidity Burden,0,demographics,1,0,POS_DOWN,count_or_index,"[""M13"", ""C4""]",N/A_EXOGENOUS,N/A,Overall comorbidity burden (Charlson Comorbidity Index or count). Modifies metabolic pathway activation and vascular risk. Drives contraindication evaluation for exercise intensity.,Charlson Comorbidity Index or simple count; integer >=0,1,1
NODE_BEH_PHYSICAL_ACTIVITY,Physical Activity Level,1,lifestyle_behavior,1,0,POS_UP,MET-min/week,"[""M1"", ""M2"", ""M4"", ""M5"", ""M6"", ""M8"", ""M13"", ""C2""]",N/A_BEHAVIOR,N/A,Weekly physical activity level. Primary intervention target for exercise interventions. Dose-response modeled via Emax/Hill functions (EC50 ~200 MET-min/wk for aerobic). Member of Fatigue-Activity feedback loop (LOOP_01).,"IPAQ, GLTEQ, accelerometry, self-report MET-min/week",1,1
NODE_BEH_SLEEP_QUALITY,Sleep Quality/Hygiene,1,lifestyle_behavior,1,0,POS_UP,composite_score,"[""M10"", ""C1"", ""M3""]",N/A_BEHAVIOR,N/A,"Sleep quality as a BEHAVIOR (sleep practices, hygiene). Distinct from NODE_SYM_SLEEP_DISRUPTION (the symptom). Target of CBT-I and sleep hygiene interventions. Drives glymphatic clearance pathway.","PSQI (inverted for POS_UP), sleep diary, actigraphy sleep efficiency",1,1
NODE_BEH_DIET,Dietary Pattern,1,lifestyle_behavior,1,0,POS_UP,adherence_score,"[""M1"", ""M2"", ""M8"", ""M13""]",N/A_BEHAVIOR,N/A,"Dietary pattern quality (Mediterranean diet adherence, anti-inflammatory diet score). Targets neuroinflammation, oxidative stress, gut-brain axis, and metabolic pathways.","Mediterranean Diet Score, DASH score, Healthy Eating Index, food frequency questionnaire",1,1
NODE_BEH_STRESS_MGMT,Stress Management Practice,1,lifestyle_behavior,1,0,POS_UP,hours/week,"[""M3"", ""C3""]",N/A_BEHAVIOR,N/A,"Active stress management behavior (mindfulness, meditation, relaxation practice). Target of MBSR intervention. Modulates HPA axis and mood pathways.","Self-report practice frequency/duration, MBSR session completion",1,1
NODE_BEH_SOCIAL_ENGAGE,Social Engagement Level,1,lifestyle_behavior,1,0,POS_UP,composite_score,"[""C5"", ""M4""]",N/A_BEHAVIOR,N/A,Social engagement and participation level. Drives cognitive stimulation through social interaction. Impacted by fatigue and depression (C5 pathway). Modulates neuroplasticity.,"Lubben Social Network Scale, Social Activities Log, self-report frequency",1,1
NODE_BEH_LIGHT_EXPOSURE,Light Exposure Pattern,1,lifestyle_behavior,1,0,POS_UP,minutes/day,"[""C1"", ""M3""]",N/A_BEHAVIOR,N/A,"Morning bright light exposure. Target of bright light therapy intervention (threshold model, -0.30 effect at >=20 min/day). Regulates circadian rhythm → sleep quality → HPA axis.","Self-report, lux meter, wearable light sensor; minutes of >10,000 lux within 2h of waking",1,1
NODE_BEH_COG_ACTIVITY,Cognitive Activity Level,1,lifestyle_behavior,1,0,POS_UP,hours/week,"[""M4"", ""M15""]",N/A_BEHAVIOR,N/A,"Engagement in cognitively stimulating activities (cognitive training, reading, puzzles, learning). Target of cognitive rehabilitation interventions. Drives neuroplasticity and synaptic function.","Cognitive Activity Questionnaire, training program completion logs",1,1
NODE_BEH_SELF_EFFICACY,Self-Efficacy / Adherence Motivation,1,lifestyle_behavior,1,0,POS_UP,scale_score,"[""M17"", ""C2"", ""C3""]",N/A_BEHAVIOR,N/A,Self-efficacy for behavior change and intervention adherence. Modulates actual adherence rates (P_adhere in SAFE score). Connected to dopaminergic motivation pathway. Impacted by fatigue and mood.,"General Self-Efficacy Scale, Exercise Self-Efficacy Scale, treatment motivation VAS",1,1
NODE_BIO_IL6,Interleukin-6,2,inflammatory,1,0,POS_DOWN,pg/mL,"[""M1"", ""M8""]",NODE_PATH_OIC,high,"Plasma IL-6 concentration. Primary peripheral proxy for neuroinflammation (OIC composite). Elevated by chemotherapy, reduced by exercise. Correlated with TNF-α (ρ=0.65), CRP (ρ=0.72).","INST_IL6_PLASMA (ELISA, plasma, fasting preferred)",1,1
NODE_BIO_CRP,C-Reactive Protein,2,inflammatory,1,0,POS_DOWN,mg/L,"[""M1""]",NODE_PATH_OIC,moderate,High-sensitivity CRP (serum). Acute phase reactant downstream of IL-6. Less specific to neuroinflammation than IL-6 but more widely available clinically. Correlated with IL-6 (ρ=0.72).,"INST_CRP_HS (hs-CRP, serum, immunoturbidimetric assay)",1,1
NODE_BIO_TNF,Tumor Necrosis Factor Alpha,2,inflammatory,1,0,POS_DOWN,pg/mL,"[""M1"", ""M9""]",NODE_PATH_OIC,moderate,"Plasma TNF-α. Pro-inflammatory cytokine linked to neuroinflammation and SASP (senescence-associated secretory phenotype). Drives cellular senescence pathway. Correlated with IL-6 (ρ=0.65), CRP (ρ=0.58).","INST_TNF_PLASMA (ELISA, plasma)",1,1
NODE_BIO_BDNF,Brain-Derived Neurotrophic Factor,2,neurotrophic,1,0,POS_UP,ng/mL,"[""M4"", ""M5""]",NODE_PATH_NEUROPLASTICITY,moderate,"PLASMA BDNF (NOT serum — serum levels 20-200x higher due to platelet BDNF, confounding measurement). Primary proxy for neuroplasticity pathway. Increased by exercise, reduced by chronic stress. Anti-correlated with IL-6 (ρ=-0.35).","INST_BDNF_PLASMA (ELISA, plasma specifically, fasting, morning collection preferred; unit: pg/mL)",1,1
NODE_BIO_CORTISOL,Cortisol Diurnal Slope,2,neuroendocrine,1,0,POS_DOWN,slope_units,"[""M3""]",NODE_PATH_HPA,high,"Salivary cortisol diurnal slope (>=2 days sampling). Flatter/less-negative slope indicates HPA dysregulation (POS_DOWN: higher raw value = flatter = worse). Primary proxy for HPA pathway. Requires multi-timepoint sampling (waking, +30min, afternoon, evening). Correlated with IL-6 (ρ=0.28).","INST_CORTISOL_SLOPE (salivary cortisol, 4-point diurnal, >=2 days)",1,1
NODE_BIO_P16,p16^INK4a Expression,2,cellular_damage,1,0,POS_DOWN,relative_expression,"[""M9""]",NODE_PATH_SENESCENCE,high,"T-cell p16^INK4a expression by flow cytometry. Primary peripheral proxy for cellular senescence. Elevated after chemotherapy, especially anthracyclines. Linked to accelerated cognitive aging.","INST_P16_TCELL (T-cell flow cytometry, quantitative RT-PCR)",1,1
NODE_BIO_GH2AX,Gamma-H2AX Foci,2,cellular_damage,1,0,POS_DOWN,foci/cell,"[""M7""]",NODE_PATH_DNA_DAMAGE,high,Lymphocyte γ-H2AX foci count by immunofluorescence. Direct marker of DNA double-strand breaks. Elevated by chemotherapy and radiation. Primary proxy for DNA damage pathway.,INST_GH2AX_LYMPH (lymphocyte immunofluorescence microscopy),1,1
NODE_BIO_8OHDG,8-Hydroxy-2'-Deoxyguanosine,2,cellular_damage,1,0,POS_DOWN,ng/mL,"[""M2""]",NODE_PATH_OIC,moderate,Urinary or plasma 8-OHdG. Marker of oxidative DNA damage. Proxy for oxidative stress component of OIC composite. Elevated by chemotherapy-induced reactive oxygen species.,"INST_8OHDG (ELISA, urinary preferred, plasma acceptable)",1,1
NODE_BIO_MDA,Malondialdehyde,2,cellular_damage,1,0,POS_DOWN,nmol/mL,"[""M2""]",NODE_PATH_OIC,moderate,Plasma malondialdehyde. Lipid peroxidation marker for oxidative stress. Proxy for oxidative stress component of OIC composite. Correlation with IL-6 pending verification.,"INST_MDA_PLASMA (TBARS assay or HPLC, plasma)",1,1
NODE_BIO_GLUCOSE,Fasting Glucose,2,metabolic,1,0,POS_DOWN,mg/dL,"[""M13"", ""C4""]",NODE_PATH_METABOLIC,moderate,Fasting blood glucose. Proxy for metabolic dysregulation pathway. Insulin resistance impairs cerebral glucose metabolism and drives neuroinflammation. Elevated by dexamethasone and some chemotherapy regimens.,"INST_GLUCOSE_FASTING (standard clinical lab, fasting, mg/dL or mmol/L)",1,1
NODE_BIO_NFL,Neurofilament Light Chain,2,cellular_damage,1,0,POS_DOWN,pg/mL,"[""M14"", ""M16""]",NODE_PATH_BBB,low,Plasma neurofilament light chain. Marker of axonal/neuronal damage. CAUTION: Cannot distinguish CNS from PNS damage — elevated in chemotherapy-induced peripheral neuropathy independently of CRCI. Low proxy validity for BBB-specific damage.,"INST_NFL_PLASMA (Simoa ultrasensitive immunoassay, plasma)",1,1
NODE_BIO_SHANNON,Gut Microbiome Shannon Diversity,2,microbiome_immune,1,0,POS_UP,diversity_index,"[""M8""]",NODE_PATH_GUT_BRAIN,low,Shannon diversity index from 16S rRNA fecal sequencing. Proxy for gut-brain axis pathway. Reduced by chemotherapy and antibiotics. Limited cancer-specific normative data. Emerging biomarker with low proxy validity.,"INST_SHANNON_16S (16S rRNA sequencing, fecal sample, Shannon H index)",1,1
NODE_PATH_OIC,Oxidative-Inflammatory Cascade,3,inflammatory,0,1,POS_DOWN,z-score_latent,"[""M1"", ""M2"", ""M6""]",N/A_IS_LATENT,N/A_IS_LATENT,COMPOSITE NODE absorbing M1 (Neuroinflammation) + M2 (Oxidative Stress) + M6 (Mitochondrial Dysfunction). Internal 3x3 covariance matrix + amplification factor α. Resolves bidirectional neuroinflammation ↔ oxidative stress ↔ mitochondrial dysfunction cycle within acyclic DAG. Best proxied by IL-6.,"Latent — proxied by NODE_BIO_IL6 (primary), NODE_BIO_CRP, NODE_BIO_TNF, NODE_BIO_8OHDG, NODE_BIO_MDA",1,1
NODE_PATH_HPA,HPA Axis Dysregulation,3,neuroendocrine,0,1,POS_DOWN,z-score_latent,"[""M3""]",N/A_IS_LATENT,N/A_IS_LATENT,Hypothalamic-pituitary-adrenal axis dysregulation (M3). NIC covariance structure links this to OIC. Flattened cortisol slope indicates chronic stress response. Drives sleep disruption and mood disturbance. Proxied by cortisol diurnal slope.,Latent — proxied by NODE_BIO_CORTISOL (primary),1,1
NODE_PATH_NEUROPLASTICITY,Neuroplasticity / BDNF Signaling,3,neurotrophic,0,1,POS_UP,z-score_latent,"[""M4""]",N/A_IS_LATENT,N/A_IS_LATENT,"BDNF-mediated neuroplasticity (M4). Enhanced by exercise, suppressed by chronic inflammation and stress. Key pathway for exercise → cognition benefit. SE multiplier 1.15x (Moderate-High evidence, 1.5x in cancer-specific contexts).","Latent — proxied by NODE_BIO_BDNF (primary, PLASMA not serum)",1,1
NODE_PATH_NEUROGENESIS,Adult Neurogenesis,3,neurotrophic,0,1,POS_UP,z-score_latent,"[""M5""]",N/A_IS_LATENT,N/A_IS_LATENT,"Hippocampal adult neurogenesis (M5). BDNF-dependent. Exercise-promoted, chemotherapy-suppressed. Primary effect on episodic memory. Declines with age. No direct peripheral biomarker; inferred from BDNF + hippocampal volume (imaging).","Latent — proxied by NODE_BIO_BDNF (indirect), hippocampal volume on MRI if available",1,1
NODE_PATH_DNA_DAMAGE,DNA Damage Response,3,cellular_damage,0,1,POS_DOWN,z-score_latent,"[""M7""]",N/A_IS_LATENT,N/A_IS_LATENT,DNA damage and repair pathway (M7). Direct effect of chemotherapy and radiation. Drives cellular senescence via persistent damage foci. Proxied by γ-H2AX. Moderate-High evidence (1.15x SE multiplier).,Latent — proxied by NODE_BIO_GH2AX (primary),1,1
NODE_PATH_GUT_BRAIN,Gut-Brain Axis Signaling,3,microbiome_immune,0,1,POS_DOWN,z-score_latent,"[""M8""]",N/A_IS_LATENT,N/A_IS_LATENT,Gut-brain axis dysfunction (M8). Chemotherapy-induced dysbiosis → increased intestinal permeability → systemic inflammation → neuroinflammation. Low-Moderate evidence (1.75x SE multiplier). Proxied by Shannon diversity.,"Latent — proxied by NODE_BIO_SHANNON (primary, low R²)",1,1
NODE_PATH_SENESCENCE,Cellular Senescence,3,cellular_damage,0,1,POS_DOWN,z-score_latent,"[""M9""]",N/A_IS_LATENT,N/A_IS_LATENT,Cellular senescence and SASP (M9). Chemotherapy-induced senescent cell accumulation produces pro-inflammatory secretome. Drives accelerated cognitive aging. Proxied by p16^INK4a. Linked to ACC factor in temporal model.,Latent — proxied by NODE_BIO_P16 (primary),1,1
NODE_PATH_GLYMPHATIC,Glymphatic Clearance,3,inflammatory,0,1,POS_UP,z-score_latent,"[""M10""]",N/A_IS_LATENT,N/A_IS_LATENT,Glymphatic waste clearance (M10). Sleep-dependent CNS waste clearance system. Sleep disruption → impaired glymphatic flow → neuroinflammatory metabolite accumulation. Part of LOOP_05 (HPA→Sleep→Glymphatic→Neuroinflammation→HPA). Low-Moderate evidence (1.75x SE).,Latent — no direct peripheral proxy. Inferred from sleep quality + neuroinflammation trajectory,1,1
NODE_PATH_CEREBROVASCULAR,Cerebrovascular Function,3,metabolic,0,1,POS_UP,z-score_latent,"[""M11""]",N/A_IS_LATENT,N/A_IS_LATENT,"Cerebrovascular function and perfusion (M11). EDGELESS PLACEHOLDER — pathway concept without parameterized edges in v1. Cerebral blood flow, endothelial function, vascular stiffness. Future expansion candidate.",Latent — no peripheral proxy. Would require TCD/MRI perfusion if available,1,1
NODE_PATH_EPIGENETIC,Epigenetic Modification,3,cellular_damage,0,1,POS_DOWN,z-score_latent,"[""M12""]",N/A_IS_LATENT,N/A_IS_LATENT,"Epigenetic modification pathway (M12). Chemotherapy-induced DNA methylation changes, histone modifications affecting gene expression in neuronal and glial cells. Low-Moderate evidence (1.75x SE). No validated peripheral proxy for CNS epigenetic state.","Latent — no validated peripheral proxy. Research: global methylation, LINE-1",1,1
NODE_PATH_METABOLIC,Metabolic Dysregulation,3,metabolic,0,1,POS_DOWN,z-score_latent,"[""M13""]",N/A_IS_LATENT,N/A_IS_LATENT,"Metabolic dysregulation pathway (M13). Insulin resistance, impaired cerebral glucose metabolism. Dexamethasone and hormonal therapy can exacerbate. Links to neuroinflammation via metabolic inflammation. Proxied by fasting glucose.","Latent — proxied by NODE_BIO_GLUCOSE (primary), HbA1c, HOMA-IR if available",1,1
NODE_PATH_BBB,Blood-Brain Barrier Disruption,3,inflammatory,0,1,POS_DOWN,z-score_latent,"[""M14""]",N/A_IS_LATENT,N/A_IS_LATENT,BBB disruption pathway (M14). EDGELESS PLACEHOLDER. Chemotherapy-induced BBB permeability allows peripheral inflammatory mediators into CNS. NfL is candidate proxy but cannot distinguish CNS from PNS damage. Future expansion candidate.,"Latent — NODE_BIO_NFL (candidate proxy, low specificity). S100B, albumin quotient if CSF available",1,1
NODE_PATH_SYNAPTIC,Synaptic Function,3,neurotrophic,0,1,POS_UP,z-score_latent,"[""M15""]",N/A_IS_LATENT,N/A_IS_LATENT,"Synaptic function and long-term potentiation (M15). CONVERGENT HUB — receives input from neuroinflammation, BDNF, metabolic, and other pathways. Final common pathway before cognitive domains. 8 edges. No direct peripheral proxy.",Latent — no peripheral proxy. Inferred from convergent pathway structure,1,1
NODE_PATH_MYELIN,Myelin / Oligodendrocyte Integrity,3,cellular_damage,0,1,POS_UP,z-score_latent,"[""M16""]",N/A_IS_LATENT,N/A_IS_LATENT,Myelin and oligodendrocyte integrity (M16). Chemotherapy directly toxic to oligodendrocytes → demyelination → processing speed deficits. Moderate-High evidence (1.15x SE). Primary effect on processing speed domain.,Latent — no peripheral proxy. DTI fractional anisotropy on MRI if available,1,1
NODE_PATH_DOPAMINERGIC,Dopaminergic Signaling,3,neuroendocrine,0,1,POS_UP,z-score_latent,"[""M17""]",N/A_IS_LATENT,N/A_IS_LATENT,Dopaminergic reward and motivation signaling (M17). Chemotherapy may disrupt dopamine synthesis/signaling → reduced motivation → reduced activity engagement → secondary cognitive effects. Low-Moderate evidence (1.75x SE).,Latent — no peripheral proxy. Inferred from motivation/reward behavior patterns,1,1
NODE_SYM_FATIGUE,Cancer-Related Fatigue,4,symptom_burden,1,0,POS_DOWN,z-score,"[""C2"", ""M1""]",N/A_SYMPTOM,N/A,"Cancer-related fatigue severity. Most common CRCI comorbid symptom. Member of LOOP_01 (Fatigue ↔ Physical Activity, gain=0.16). Driven by neuroinflammation (OIC) and deconditioning. Directly impairs cognitive performance.","INST_FACIT_FATIGUE (primary), INST_BFI (alternative)",1,1
NODE_SYM_DEPRESSION,Depression,4,symptom_burden,1,0,POS_DOWN,z-score,"[""C3"", ""M3""]",N/A_SYMPTOM,N/A,"Depressive symptom severity. Member of LOOP_02 (Depression ↔ Sleep, gain=0.14). Part of CAL covariance structure (Cognitive-Affective Loop) with subjective cognition. PHQ-9 has known somatic confound in cancer (SE 1.5x).","INST_PHQ9 (with somatic confound warning), INST_PHQ2 (during active treatment)",1,1
NODE_SYM_ANXIETY,Anxiety,4,symptom_burden,1,0,POS_DOWN,z-score,"[""C3"", ""M3""]",N/A_SYMPTOM,N/A,"Anxiety symptom severity. Member of LOOP_03 (Anxiety ↔ Sleep, gain=0.11). Driven by HPA dysregulation. Impairs attentional control and working memory through worry/rumination.",INST_GAD7 (primary),1,1
NODE_SYM_SLEEP_DISRUPTION,Sleep Disruption,4,symptom_burden,1,0,POS_DOWN,z-score,"[""C1"", ""M10""]",N/A_SYMPTOM,N/A,"Sleep disruption as SYMPTOM (distinct from NODE_BEH_SLEEP_QUALITY which is the behavior). Insomnia severity, fragmented sleep, non-restorative sleep. Member of LOOP_02 and LOOP_03. Impairs glymphatic clearance. Measured by ISI or PSQI component scores.","INST_ISI (primary for insomnia), INST_PSQI (sleep quality composite)",1,1
NODE_SYM_PAIN,Pain,4,symptom_burden,1,0,POS_DOWN,z-score,"[""C2""]",N/A_SYMPTOM,N/A,Pain severity (neuropathic and nociceptive). Chemotherapy-induced peripheral neuropathy is major contributor. Pain medications (opioids) independently impair cognition. Drives fatigue cycle.,"INST_BPI (Brief Pain Inventory), NRS (Numeric Rating Scale), neuropathy grading",1,1
NODE_SYM_COG_COMPLAINTS,Subjective Cognitive Complaints,4,symptom_burden,1,0,POS_DOWN,z-score,"[""C3""]",N/A_SYMPTOM,N/A,Patient-reported cognitive difficulties. Part of CAL covariance structure (correlated with depression — reporting bias). May exceed or underestimate objective cognitive impairment. Important for patient experience but not always correlated with neuropsych testing.,"INST_FACTCOG_PCI (primary), INST_PROMIS_COG (PROMIS Cognitive Function)",1,1
NODE_SYM_DECONDITIONING,Physical Deconditioning,4,symptom_burden,1,0,POS_DOWN,z-score,"[""C2""]",N/A_SYMPTOM,N/A,Physical deconditioning and reduced cardiorespiratory fitness. Consequence of treatment-related fatigue → reduced activity → further deconditioning (vicious cycle). Reduced VO2max impairs cerebral blood flow and oxygen delivery.,"6MWT (6-Minute Walk Test), VO2max/peak, grip strength, self-reported functional status",1,1
NODE_SYM_APPETITE,Appetite / Nausea Disruption,4,symptom_burden,1,0,POS_DOWN,z-score,"[""M8"", ""M13""]",N/A_SYMPTOM,N/A,"Appetite disruption, nausea, weight changes. Chemotherapy-induced. Impacts nutritional status → gut microbiome → metabolic pathways. Particularly relevant during active treatment phase.","EORTC QLQ-C30 appetite items, CTCAE nausea grading, BMI change",1,1
NODE_COG_ATTN_SUSTAINED,Sustained Attention,5,cognitive_performance,1,0,POS_UP,z-score,"[""M15"", ""M17""]",N/A_COGNITIVE,N/A,"Ability to maintain attention over time (vigilance). Commonly impaired in CRCI. Affected by fatigue, sleep disruption, and dopaminergic signaling.","CPT (Continuous Performance Test), sustained attention subtests",1,1
NODE_COG_ATTN_SELECTIVE,Selective Attention,5,cognitive_performance,1,0,POS_UP,z-score,"[""M15""]",N/A_COGNITIVE,N/A,Ability to focus on relevant stimuli while filtering distractors. Impaired by anxiety (rumination occupies attentional resources) and neuroinflammation.,"Stroop Test (color-word), Flanker Task, selective attention subtests",1,1
NODE_COG_PROC_SPEED,Processing Speed,5,cognitive_performance,1,0,POS_UP,z-score,"[""M16"", ""M15""]",N/A_COGNITIVE,N/A,"Speed of information processing. MOST SENSITIVE domain to chemotherapy effects (myelin/oligodendrocyte pathway M16). Often first deficit detected. Primary target of TMT-B, Digit Symbol.","INST_TMT_B (Trail Making B), WAIS Digit Symbol/Coding, Symbol Search",1,1
NODE_COG_WORK_MEM,Working Memory,5,cognitive_performance,1,0,POS_UP,z-score,"[""M15"", ""M4""]",N/A_COGNITIVE,N/A,Ability to hold and manipulate information in short-term memory. Affected by neuroinflammation-mediated prefrontal cortex dysfunction. Linked to BDNF/neuroplasticity.,"Digit Span Backward, N-back task, WAIS Working Memory Index",1,1
NODE_COG_EPISODIC_MEM,Episodic Memory,5,cognitive_performance,1,0,POS_UP,z-score,"[""M4"", ""M5"", ""M15""]",N/A_COGNITIVE,N/A,"Ability to encode, store, and retrieve new information. Hippocampus-dependent. Most affected by neurogenesis pathway (M5) and BDNF (M4). Commonly reported CRCI complaint.","INST_HVLTR (Hopkins Verbal Learning Test-Revised, primary), RAVLT, CVLT",1,1
NODE_COG_VERBAL_FLUENCY,Verbal Fluency,5,cognitive_performance,1,0,POS_UP,z-score,"[""M15"", ""M16""]",N/A_COGNITIVE,N/A,Ability to generate words under constraint (phonemic and semantic). Requires processing speed + executive search + semantic memory. Sensitive to white matter integrity (myelin pathway).,"FAS/COWAT (Controlled Oral Word Association Test), Animal Naming (semantic)",1,1
NODE_COG_EXEC_PLANNING,Executive Function — Planning,5,cognitive_performance,1,0,POS_UP,z-score,"[""M15"", ""M4""]",N/A_COGNITIVE,N/A,"Executive function: planning, sequencing, and organization. Prefrontal cortex-dependent. Impaired by neuroinflammation-mediated PFC dysfunction. The paper splits executive function into planning and inhibition (2 nodes).","Tower of London, Trail Making B (planning component), WCST",1,1
NODE_COG_EXEC_INHIBITION,Executive Function — Inhibition,5,cognitive_performance,1,0,POS_UP,z-score,"[""M15"", ""M17""]",N/A_COGNITIVE,N/A,"Executive function: inhibitory control and response suppression. Dependent on prefrontal-striatal circuits. Linked to dopaminergic signaling (M17). Measured by Stroop interference, Go/No-Go.","Stroop Interference score, Go/No-Go task, Hayling Test",1,1
NODE_COG_VISUOSPATIAL,Visuospatial Function,5,cognitive_performance,1,0,POS_UP,z-score,"[""M15""]",N/A_COGNITIVE,N/A,"Visuospatial processing, construction, and mental rotation. Parietal cortex-dependent. Less commonly reported in CRCI but included for comprehensive cognitive assessment. MoCA includes visuospatial items.","Rey Complex Figure (copy), Block Design, Clock Drawing, MoCA visuospatial items",1,1
NODE_COG_LANGUAGE,Language Comprehension,5,cognitive_performance,1,0,POS_UP,z-score,"[""M15"", ""M16""]",N/A_COGNITIVE,N/A,"Language comprehension and expression beyond word retrieval (which is verbal fluency). Includes reading comprehension, sentence processing, discourse. Less commonly impaired in CRCI but relevant for functional assessment.","Boston Naming Test, Token Test, WAIS Comprehension, reading comprehension tasks",1,1
NODE_COMP_CRCI,CRCI Composite Score,6,cognitive_performance,1,0,POS_UP,composite_percentile,[],N/A_COMPOSITE,N/A,Severity-weighted inverse-variance average across L5 cognitive domains (Formula F-1). Weights w_d = 1/σ²_d. Severity weights 1.0x/1.5x/2.0x at z thresholds 1/2. Six tiers: Excellent(85-100)/Good(70-84)/Mild(50-69)/Moderate(30-49)/Poor(15-29)/Severe(0-14). Score = Φ(-z) × 100.,Computed by ALG-F1 from all L5 node values. Not directly measured.,1,1
