instrument_id,instrument_name,instrument_short,instrument_type,maps_to_node_id,maps_to_node_ids_json,scoring_direction,response_type,item_count,subscale_count,subscale_names_json,total_score_range_min,total_score_range_max,time_window_days,administration_minutes,loading_b_k,intercept_a_k,reliability_alpha,reliability_type,cancer_validation_status,se_multiplier,clinical_cutoff_value,clinical_cutoff_direction,normative_population,tier_assignment,norm_id,noise_id,language,citation_key,administration_mode,somatic_confound_risk,version,active,notes
INST_AFI,Attentional Function Index,AFI,PRO,NODE_SYM_COG_COMPLAINTS,"[""NODE_COG_ATTN_SUSTAINED"", ""NODE_COG_WORK_MEM"", ""NODE_COG_EXEC_PLANNING""]",higher_better,nrs,16,3,"[""effective_action"", ""interpersonal_effectiveness"", ""attentional_lapses""]",0,10,7,5,1.0,0.0,0.93,internal_consistency,validated_in_cancer,1.0,5.0,below,Oncology outpatients (Cimprich et al. 2011),0,NORM_AFI_CANCER,NOISE_AFI,English,Cimprich2011,self_report,low,v1.0,1,"Primary CRCI outcome in Oppegaard 2023; cutpoints: <5 low, 5-7.5 moderate, >7.5 high"
INST_FACTCOG_PCI,FACT-Cog Perceived Cognitive Impairments,FACT-Cog PCI,PRO,NODE_SYM_COG_COMPLAINTS,"[""NODE_COG_WORK_MEM"", ""NODE_COG_EPISODIC_MEM"", ""NODE_COG_VERBAL_FLUENCY""]",higher_better,likert,20,4,"[""perceived_cognitive_impairments"", ""comments_from_others"", ""perceived_cognitive_abilities"", ""impact_on_QoL""]",0,72,7,10,0.95,0.0,0.95,internal_consistency,validated_in_cancer,1.0,N/A,N/A,Cancer patients (Wagner et al. 2009),0,NORM_FACTCOG_CANCER,NOISE_FACTCOG,English,Wagner2009,self_report,low,v1.0,1,PCI subscale is primary; 4 subscales total; higher = better cognitive function
INST_PROMIS_COG,PROMIS Cognitive Function Short Form 8a,PROMIS-Cog,PRO,NODE_SYM_COG_COMPLAINTS,"[""NODE_COG_ATTN_SUSTAINED"", ""NODE_COG_WORK_MEM"", ""NODE_COG_EXEC_PLANNING""]",higher_better,likert,8,1,"[""cognitive_function_total""]",20,40,7,3,1.0,0.0,0.95,internal_consistency,validated_in_cancer,1.0,45,below,"US adult population T-score metric (mean=50, SD=10)",0,NORM_PROMIS_US,NOISE_PROMIS_COG,English,Cella2010,self_report,low,v1.0,1,T-score metric; IRT-calibrated; cancer norms available
INST_MOCA,Montreal Cognitive Assessment,MoCA,neuropsych_test,NODE_COMP_CRCI,"[""NODE_COG_ATTN_SUSTAINED"", ""NODE_COG_WORK_MEM"", ""NODE_COG_EPISODIC_MEM"", ""NODE_COG_VERBAL_FLUENCY"", ""NODE_COG_EXEC_PLANNING"", ""NODE_COG_VISUOSPATIAL"", ""NODE_COG_LANGUAGE""]",higher_better,ordinal,30,7,"[""visuospatial_exec"", ""naming"", ""attention"", ""language"", ""abstraction"", ""delayed_recall"", ""orientation""]",0,30,0,10,0.83,0.0,0.83,internal_consistency,used_in_cancer,1.1,26,below,Community-dwelling adults ≥55 (Nasreddine et al. 2005),0,NORM_MOCA_GENERAL,NOISE_MOCA,English,Nasreddine2005,clinician,moderate,v1.0,1,Global cognitive screen; +1 point education correction if ≤12 years; somatic confound moderate (motor/visual items)
INST_TMT_B,Trail Making Test Part B,TMT-B,neuropsych_test,NODE_COG_PROC_SPEED,"[""NODE_COG_PROC_SPEED"", ""NODE_COG_EXEC_PLANNING""]",lower_better,continuous,1,1,"[""completion_time_seconds""]",0,300,0,5,-1.0,0.0,0.89,test_retest,used_in_cancer,1.1,180,above,Age/education-stratified norms (Tombaugh 2004),0,NORM_TMT_STRATIFIED,NOISE_TMT_B,English,Tombaugh2004,clinician,moderate,v1.0,1,Time in seconds; higher = worse; practice effects expected; somatic confound from motor speed
INST_HVLTR,Hopkins Verbal Learning Test-Revised,HVLT-R,neuropsych_test,NODE_COG_EPISODIC_MEM,"[""NODE_COG_EPISODIC_MEM"", ""NODE_COG_VERBAL_FLUENCY""]",higher_better,ordinal,12,4,"[""total_recall"", ""delayed_recall"", ""retention_pct"", ""recognition_discrimination""]",0,36,0,10,1.0,0.0,0.74,test_retest,used_in_cancer,1.1,N/A,N/A,Age-stratified norms (Brandt & Benedict 2001),0,NORM_HVLTR_AGE,NOISE_HVLTR,English,Brandt2001,clinician,low,v1.0,1,6 alternate forms; delayed recall most sensitive to CRCI; total recall over 3 trials
INST_CPT,Continuous Performance Test,CPT,neuropsych_test,NODE_COG_ATTN_SUSTAINED,"[""NODE_COG_ATTN_SUSTAINED"", ""NODE_COG_ATTN_SELECTIVE""]",higher_better,continuous,1,3,"[""d_prime"", ""hit_rate"", ""commission_errors""]",0,1,0,15,1.0,0.0,0.85,test_retest,used_in_cancer,1.1,N/A,N/A,Age/sex-stratified norms (Conners 2014),2,NORM_CPT_STRATIFIED,NOISE_CPT,English,Conners2014,clinician,low,v1.0,1,d-prime is primary signal detection metric; computerized; ~14 min administration
INST_STROOP,Stroop Color-Word Test,Stroop,neuropsych_test,NODE_COG_EXEC_INHIBITION,"[""NODE_COG_EXEC_INHIBITION"", ""NODE_COG_ATTN_SELECTIVE"", ""NODE_COG_PROC_SPEED""]",higher_better,continuous,1,3,"[""word_reading"", ""color_naming"", ""interference""]",0,120,0,5,1.0,0.0,0.8,test_retest,used_in_cancer,1.1,N/A,N/A,Age-stratified norms (Golden & Freshwater 2002),2,NORM_STROOP_AGE,NOISE_STROOP,English,Golden2002,clinician,low,v1.0,1,Interference score = primary; color-word minus predicted; higher = better inhibition
INST_DIGIT_SPAN,WAIS Digit Span,Digit Span,neuropsych_test,NODE_COG_WORK_MEM,"[""NODE_COG_WORK_MEM"", ""NODE_COG_ATTN_SUSTAINED""]",higher_better,ordinal,1,3,"[""forward"", ""backward"", ""sequencing""]",0,48,0,10,1.0,0.0,0.87,internal_consistency,used_in_cancer,1.1,N/A,N/A,WAIS-IV norms (Wechsler 2008),2,NORM_WAIS_STRATIFIED,NOISE_DIGIT_SPAN,English,Wechsler2008,clinician,low,v1.0,1,Backward span most sensitive to working memory; scaled score metric
INST_COWAT,Controlled Oral Word Association Test,FAS/COWAT,neuropsych_test,NODE_COG_VERBAL_FLUENCY,"[""NODE_COG_VERBAL_FLUENCY"", ""NODE_COG_EXEC_PLANNING""]",higher_better,continuous,1,2,"[""phonemic_fluency"", ""semantic_fluency""]",0,100,0,5,1.0,0.0,0.83,test_retest,used_in_cancer,1.1,N/A,N/A,Age/education/sex norms (Tombaugh et al. 1999),2,NORM_COWAT_STRATIFIED,NOISE_COWAT,English,Tombaugh1999,clinician,low,v1.0,1,FAS = phonemic (letters); animals = semantic; 60 seconds per trial
INST_TOL,Tower of London,ToL,neuropsych_test,NODE_COG_EXEC_PLANNING,"[""NODE_COG_EXEC_PLANNING"", ""NODE_COG_WORK_MEM""]",higher_better,ordinal,1,2,"[""total_correct"", ""total_moves""]",0,36,0,15,1.0,0.0,0.79,test_retest,used_in_cancer,1.1,N/A,N/A,Age-stratified norms (Culbertson & Zillmer 2001),2,NORM_TOL_AGE,NOISE_TOL,English,Culbertson2001,clinician,low,v1.0,1,Planning efficiency; total correct in minimum moves; age-sensitive
INST_REY_COPY,Rey Complex Figure Test — Copy,Rey-Copy,neuropsych_test,NODE_COG_VISUOSPATIAL,"[""NODE_COG_VISUOSPATIAL"", ""NODE_COG_EXEC_PLANNING""]",higher_better,continuous,1,2,"[""copy_accuracy"", ""copy_time""]",0,36,0,10,1.0,0.0,0.76,inter_rater,used_in_cancer,1.1,N/A,N/A,Age-stratified norms (Meyers & Meyers 1995),2,NORM_REY_AGE,NOISE_REY_COPY,English,Meyers1995,clinician,low,v1.0,1,18-element scoring system; copy condition primary for visuospatial; delayed recall for episodic memory
INST_BNT,Boston Naming Test,BNT,neuropsych_test,NODE_COG_LANGUAGE,"[""NODE_COG_LANGUAGE"", ""NODE_COG_VERBAL_FLUENCY""]",higher_better,ordinal,60,1,"[""total_correct""]",0,60,0,15,1.0,0.0,0.9,internal_consistency,used_in_cancer,1.1,N/A,N/A,Age/education norms (Kaplan et al. 2001),2,NORM_BNT_STRATIFIED,NOISE_BNT,English,Kaplan2001,clinician,low,v1.0,1,Confrontation naming; 60-item version; 15-item short forms available
INST_FACIT_FATIGUE,FACIT-Fatigue Scale,FACIT-F,PRO,NODE_SYM_FATIGUE,"[""NODE_SYM_FATIGUE""]",higher_better,likert,13,1,"[""fatigue_total""]",0,52,7,5,1.0,0.0,0.95,internal_consistency,validated_in_cancer,1.0,30,below,Cancer patients (Yellen et al. 1997),1,NORM_FACIT_CANCER,NOISE_FACIT_F,English,Yellen1997,self_report,none,v1.0,1,Higher = less fatigue; 0-52 range; MCID = 3 points; Tier 1
INST_BFI,Brief Fatigue Inventory,BFI,PRO,NODE_SYM_FATIGUE,"[""NODE_SYM_FATIGUE""]",lower_better,nrs,9,2,"[""fatigue_severity"", ""fatigue_interference""]",0,10,1,3,-1.0,10.0,0.96,internal_consistency,validated_in_cancer,1.0,4.0,above,Cancer patients (Mendoza et al. 1999),1,NORM_BFI_CANCER,NOISE_BFI,English,Mendoza1999,self_report,none,v1.0,1,"0-10 scale; ≥4 moderate, ≥7 severe; alternative to FACIT-F"
INST_LFS,Lee Fatigue Scale,LFS,PRO,NODE_SYM_FATIGUE,"[""NODE_SYM_FATIGUE""]",lower_better,nrs,18,2,"[""fatigue_morning"", ""fatigue_evening""]",0,10,1,5,-1.0,10.0,0.96,internal_consistency,validated_in_cancer,1.0,3.2,above,Oncology patients (Lee et al. 1991),1,NORM_LFS_CANCER,NOISE_LFS,English,Lee1991,self_report,none,v1.0,1,"Oppegaard 2023 indicator; cutoffs: morning >3.2, evening >5.6"
INST_PHQ9,Patient Health Questionnaire-9,PHQ-9,PRO,NODE_SYM_DEPRESSION,"[""NODE_SYM_DEPRESSION""]",lower_better,likert,9,1,"[""depression_severity""]",0,27,14,3,-1.0,27.0,0.89,internal_consistency,validated_in_cancer,1.0,10,above,Primary care and cancer populations (Kroenke et al. 2001),1,NORM_PHQ9_CANCER,NOISE_PHQ9,English,Kroenke2001,self_report,moderate,v1.0,1,Somatic items overlap with cancer symptoms; 5/10/15/20 severity thresholds
INST_CESD,Center for Epidemiological Studies Depression Scale,CES-D,PRO,NODE_SYM_DEPRESSION,"[""NODE_SYM_DEPRESSION""]",lower_better,likert,20,4,"[""depressed_affect"", ""positive_affect"", ""somatic_retarded_activity"", ""interpersonal""]",0,60,7,5,-1.0,60.0,0.9,internal_consistency,validated_in_cancer,1.0,16,above,General population (Radloff 1977); cancer norms available,1,NORM_CESD_GENERAL,NOISE_CESD,English,Radloff1977,self_report,moderate,v1.0,1,Oppegaard 2023 indicator; somatic items overlap with cancer; cutoff ≥16
INST_GAD7,Generalized Anxiety Disorder-7,GAD-7,PRO,NODE_SYM_ANXIETY,"[""NODE_SYM_ANXIETY""]",lower_better,likert,7,1,"[""anxiety_severity""]",0,21,14,3,-1.0,21.0,0.92,internal_consistency,validated_in_cancer,1.0,10,above,Primary care and cancer populations (Spitzer et al. 2006),2,NORM_GAD7_CANCER,NOISE_GAD7,English,Spitzer2006,self_report,low,v1.0,1,5/10/15 severity thresholds; Tier 2 per architecture
INST_STAI_S,Spielberger State-Trait Anxiety Inventory — State,STAI-S,PRO,NODE_SYM_ANXIETY,"[""NODE_SYM_ANXIETY""]",lower_better,likert,20,1,"[""state_anxiety""]",20,80,0,10,-1.0,80.0,0.93,internal_consistency,validated_in_cancer,1.0,32.2,above,US adults (Spielberger et al. 1983),1,NORM_STAI_US,NOISE_STAI_S,English,Spielberger1983,self_report,low,v1.0,1,Oppegaard 2023 indicator; state form only; cutoff >32.2
INST_PSQI,Pittsburgh Sleep Quality Index,PSQI,PRO,NODE_SYM_SLEEP_DISRUPTION,"[""NODE_SYM_SLEEP_DISRUPTION"", ""NODE_BEH_SLEEP_QUALITY""]",lower_better,ordinal,19,7,"[""subjective_quality"", ""sleep_latency"", ""sleep_duration"", ""habitual_efficiency"", ""sleep_disturbances"", ""sleep_medication"", ""daytime_dysfunction""]",0,21,30,10,-1.0,21.0,0.83,internal_consistency,validated_in_cancer,1.0,5,above,Healthy adults (Buysse et al. 1989); cancer norms available,1,NORM_PSQI_CANCER,NOISE_PSQI,English,Buysse1989,self_report,none,v1.0,1,Global score 0-21; >5 poor sleep quality; Tier 1 per architecture
INST_ISI,Insomnia Severity Index,ISI,PRO,NODE_SYM_SLEEP_DISRUPTION,"[""NODE_SYM_SLEEP_DISRUPTION""]",lower_better,likert,7,1,"[""insomnia_severity""]",0,28,14,3,-1.0,28.0,0.9,internal_consistency,validated_in_cancer,1.0,8,above,Insomnia patients (Morin et al. 2011); cancer norms available,2,NORM_ISI_CANCER,NOISE_ISI,English,Morin2011,self_report,none,v1.0,1,"8-14 subthreshold, 15-21 moderate, 22-28 severe; Tier 2"
INST_GSDS,General Sleep Disturbance Scale,GSDS,PRO,NODE_SYM_SLEEP_DISRUPTION,"[""NODE_SYM_SLEEP_DISRUPTION""]",lower_better,likert,21,7,"[""quality_of_sleep"", ""sleep_onset_latency"", ""awakenings"", ""waking_too_early"", ""excessive_sleep"", ""medication_use"", ""daytime_functioning""]",0,147,7,10,-1.0,147.0,0.88,internal_consistency,validated_in_cancer,1.0,43.0,above,Shift workers and cancer patients (Lee 1992),1,NORM_GSDS_CANCER,NOISE_GSDS,English,Lee1992,self_report,none,v1.0,1,Oppegaard 2023 indicator; cutoff >43.0 for clinically significant disturbance
INST_BPI,Brief Pain Inventory,BPI,PRO,NODE_SYM_PAIN,"[""NODE_SYM_PAIN""]",lower_better,nrs,15,2,"[""pain_severity"", ""pain_interference""]",0,10,1,5,-1.0,10.0,0.91,internal_consistency,validated_in_cancer,1.0,4.0,above,Cancer pain patients (Cleeland & Ryan 1994),1,NORM_BPI_CANCER,NOISE_BPI,English,Cleeland1994,self_report,none,v1.0,1,Oppegaard 2023 uses worst pain intensity; severity and interference subscales
INST_PSS,Perceived Stress Scale,PSS,PRO,NODE_BEH_STRESS_MGMT,"[""NODE_BEH_STRESS_MGMT""]",lower_better,likert,10,1,"[""perceived_stress_total""]",0,40,7,5,-1.0,40.0,0.85,internal_consistency,used_in_cancer,1.1,20,above,US adult population (Cohen et al. 1983),N/A,NORM_PSS_US,NOISE_PSS,English,Cohen1983,self_report,none,v1.0,1,Oppegaard 2023 patient-specific factor indicator; global perceived stress over past week
INST_IES_R,Impact of Event Scale-Revised,IES-R,PRO,NODE_BEH_STRESS_MGMT,"[""NODE_BEH_STRESS_MGMT"", ""NODE_SYM_ANXIETY""]",lower_better,likert,22,3,"[""intrusion"", ""avoidance"", ""hyperarousal""]",0,88,7,10,-1.0,88.0,0.96,internal_consistency,validated_in_cancer,1.0,24,above,Trauma-exposed adults (Weiss & Marmar 1997),N/A,NORM_IESR_TRAUMA,NOISE_IES_R,English,Weiss1997,self_report,low,v1.0,1,Oppegaard 2023 patient-specific factor indicator; cancer-specific stress; cutoff >24
INST_LSC_R,Life Stressor Checklist-Revised,LSC-R,PRO,NODE_BEH_STRESS_MGMT,"[""NODE_BEH_STRESS_MGMT""]",lower_better,binary,30,1,"[""lifetime_stressor_count""]",0,30,0,15,-1.0,30.0,0.8,test_retest,used_in_cancer,1.1,N/A,N/A,PTSD research samples (Wolfe & Kimerling 1997),N/A,NORM_LSCR_GENERAL,NOISE_LSC_R,English,Wolfe1997,self_report,none,v1.0,1,Oppegaard 2023 SDOH indicator; lifetime trauma exposure index; sum of endorsed events
INST_CDRISC,Connor-Davidson Resilience Scale,CD-RISC,PRO,NODE_BEH_STRESS_MGMT,"[""NODE_BEH_STRESS_MGMT"", ""NODE_BEH_SELF_EFFICACY""]",higher_better,likert,10,1,"[""resilience_total""]",0,40,30,5,1.0,0.0,0.89,internal_consistency,used_in_cancer,1.1,N/A,N/A,US general population (Connor & Davidson 2003),N/A,NORM_CDRISC_US,NOISE_CDRISC,English,Connor2003,self_report,none,v1.0,1,Oppegaard 2023 SDOH indicator; 10-item version; higher = more resilience
INST_KPS,Karnofsky Performance Status,KPS,clinician_rated,NODE_SYM_DECONDITIONING,"[""NODE_SYM_DECONDITIONING""]",higher_better,ordinal,1,1,"[""functional_status""]",10,100,0,2,1.0,0.0,0.85,inter_rater,validated_in_cancer,1.0,80,below,Oncology standard (Karnofsky et al. 1948),N/A,NORM_KPS_CANCER,NOISE_KPS,English,Karnofsky1948,clinician,none,v1.0,1,Oppegaard 2023 patient-specific factor; 10-100 decile scale; sample mean 80
INST_SCQ,Self-Administered Comorbidity Questionnaire,SCQ,PRO,NODE_EXO_COMORBIDITY,"[""NODE_EXO_COMORBIDITY""]",lower_better,ordinal,12,1,"[""comorbidity_burden""]",0,36,0,5,-1.0,36.0,0.84,test_retest,validated_in_cancer,1.0,N/A,N/A,Surgical patients (Sangha et al. 2003),N/A,NORM_SCQ_GENERAL,NOISE_SCQ,English,Sangha2003,self_report,none,v1.0,1,Oppegaard 2023 patient-specific factor; 12 conditions × 3 (present/treated/limiting)
INST_CCI,Charlson Comorbidity Index,CCI,clinician_rated,NODE_EXO_COMORBIDITY,"[""NODE_EXO_COMORBIDITY""]",lower_better,ordinal,19,1,"[""comorbidity_index""]",0,37,0,5,-1.0,37.0,0.85,inter_rater,validated_in_cancer,1.0,N/A,N/A,Medical inpatients (Charlson et al. 1987),N/A,NORM_CCI_GENERAL,NOISE_CCI,English,Charlson1987,clinician,none,v1.0,1,Alternative to SCQ; weighted sum of 19 conditions
INST_NEO_FFI,NEO Five Factor Inventory — Neuroticism,NEO-FFI-N,PRO,NODE_BEH_STRESS_MGMT,"[""NODE_BEH_STRESS_MGMT""]",lower_better,likert,12,1,"[""neuroticism""]",0,48,0,5,-1.0,48.0,0.86,internal_consistency,used_in_cancer,1.1,N/A,N/A,US adults (Costa & McCrae 1992),N/A,NORM_NEO_US,NOISE_NEO_N,English,Costa1992,self_report,none,v1.0,1,Oppegaard 2023 patient-specific factor; neuroticism domain only from 60-item NEO-FFI
INST_MAX2,MAX2 Chemotherapy Toxicity Index,MAX2,clinical_record,NODE_EXO_CHEMO_REGIMEN,"[""NODE_EXO_CHEMO_REGIMEN""]",lower_better,continuous,1,1,"[""toxicity_index""]",0,1,0,0,-1.0,1.0,0.9,inter_rater,validated_in_cancer,1.0,N/A,N/A,ECOG clinical trials (Extermann et al. 2004),N/A,NORM_MAX2_ECOG,NOISE_MAX2,English,Extermann2004,computed,none,v1.0,1,Oppegaard 2023 treatment factor; average of most frequent G4 heme + G3-4 non-heme; sample mean 0.17
INST_IPAQ,International Physical Activity Questionnaire,IPAQ,PRO,NODE_BEH_PHYSICAL_ACTIVITY,"[""NODE_BEH_PHYSICAL_ACTIVITY""]",higher_better,ordinal,7,3,"[""vigorous_MET"", ""moderate_MET"", ""walking_MET""]",0,99999,7,5,1.0,0.0,0.8,test_retest,used_in_cancer,1.1,600,below,26-country validation (Craig et al. 2003),1,NORM_IPAQ_INTL,NOISE_IPAQ,English,Craig2003,self_report,moderate,v1.0,1,"MET-minutes/week; <600 low, 600-3000 moderate, >3000 high"
INST_GLTEQ,Godin Leisure Time Exercise Questionnaire,GLTEQ,PRO,NODE_BEH_PHYSICAL_ACTIVITY,"[""NODE_BEH_PHYSICAL_ACTIVITY""]",higher_better,continuous,3,1,"[""leisure_score_index""]",0,999,7,2,1.0,0.0,0.74,test_retest,validated_in_cancer,1.0,24,below,Cancer exercise studies (Godin & Shephard 1985),1,NORM_GLTEQ_CANCER,NOISE_GLTEQ,English,Godin1985,self_report,moderate,v1.0,1,"Weekly leisure activity score; <14 insufficiently active, 14-23 moderately, ≥24 active"
INST_6MWT,Six-Minute Walk Test,6MWT,clinician_rated,NODE_SYM_DECONDITIONING,"[""NODE_SYM_DECONDITIONING""]",higher_better,continuous,1,1,"[""walk_distance_meters""]",0,900,0,10,1.0,0.0,0.95,test_retest,used_in_cancer,1.1,400,below,Pulmonary/cardiac rehabilitation (ATS 2002),N/A,NORM_6MWT_AGE,NOISE_6MWT,English,ATS2002,clinician,none,v1.0,1,Distance in meters; <400m clinically significant impairment; age/sex/height adjusted
INST_ACCEL,Wrist Accelerometry,Actigraphy,wearable,NODE_BEH_PHYSICAL_ACTIVITY,"[""NODE_BEH_PHYSICAL_ACTIVITY"", ""NODE_BEH_SLEEP_QUALITY"", ""NODE_BEH_LIGHT_EXPOSURE""]",higher_better,continuous,1,4,"[""steps_per_day"", ""MVPA_minutes"", ""sleep_efficiency"", ""total_sleep_time""]",0,99999,7,0,1.0,0.0,0.9,test_retest,used_in_cancer,1.1,N/A,N/A,Device-specific norms; cancer activity studies,1,NORM_ACCEL_GENERAL,NOISE_ACCEL,N/A,vanHees2015,wearable,none,v1.0,1,Objective PA and sleep; 7-day wear minimum; multi-node mapping via subscales
INST_MED_DIET,Mediterranean Diet Adherence Score,MedDiet,PRO,NODE_BEH_DIET,"[""NODE_BEH_DIET""]",higher_better,ordinal,14,1,"[""diet_adherence_score""]",0,14,7,5,1.0,0.0,0.75,test_retest,general_population,1.3,9,below,PREDIMED cohort (Martinez-Gonzalez et al. 2012),N/A,NORM_MEDDIET_PRED,NOISE_MEDDIET,English,MartinezGonzalez2012,self_report,none,v1.0,1,14-item screener; ≥9 good adherence; general population validation only
INST_LSNS,Lubben Social Network Scale,LSNS-6,PRO,NODE_BEH_SOCIAL_ENGAGE,"[""NODE_BEH_SOCIAL_ENGAGE""]",higher_better,ordinal,6,2,"[""family_network"", ""friends_network""]",0,30,30,3,1.0,0.0,0.83,internal_consistency,used_in_cancer,1.1,12,below,Community-dwelling older adults (Lubben et al. 2006),N/A,NORM_LSNS_ELDERLY,NOISE_LSNS,English,Lubben2006,self_report,none,v1.0,1,6-item abbreviated; <12 at risk for social isolation; each subscale 0-15
INST_GSES,General Self-Efficacy Scale,GSES,PRO,NODE_BEH_SELF_EFFICACY,"[""NODE_BEH_SELF_EFFICACY""]",higher_better,likert,10,1,"[""self_efficacy_total""]",10,40,0,3,1.0,0.0,0.86,internal_consistency,used_in_cancer,1.1,N/A,N/A,International norms (Schwarzer & Jerusalem 1995),N/A,NORM_GSES_INTL,NOISE_GSES,English,Schwarzer1995,self_report,none,v1.0,1,10-40 range; higher = greater self-efficacy; cross-cultural validation
INST_EORTC_C30,EORTC QLQ-C30,EORTC-C30,PRO,NODE_SYM_APPETITE,"[""NODE_SYM_FATIGUE"", ""NODE_SYM_PAIN"", ""NODE_SYM_APPETITE"", ""NODE_SYM_DECONDITIONING""]",higher_better,likert,30,9,"[""global_health"", ""physical_function"", ""role_function"", ""emotional_function"", ""cognitive_function"", ""social_function"", ""fatigue"", ""nausea_vomiting"", ""pain""]",0,100,7,12,1.0,0.0,0.89,internal_consistency,validated_in_cancer,1.0,N/A,N/A,International cancer patients (Aaronson et al. 1993),N/A,NORM_EORTC_CANCER,NOISE_EORTC,English,Aaronson1993,self_report,moderate,v1.0,1,9 subscales + global; function scales higher=better; symptom scales higher=worse; nausea/appetite items
INST_NRS_PAIN,Numeric Rating Scale — Pain,NRS-Pain,PRO,NODE_SYM_PAIN,"[""NODE_SYM_PAIN""]",lower_better,nrs,1,1,"[""pain_intensity""]",0,10,1,1,-1.0,10.0,0.95,test_retest,validated_in_cancer,1.0,4,above,Cancer pain validation (Breivik et al. 2008),N/A,NORM_NRS_CANCER,NOISE_NRS_PAIN,English,Breivik2008,self_report,none,v1.0,1,"Single-item 0-10 NRS; ≥4 moderate, ≥7 severe; simplest pain measure"
INST_PHQ2,Patient Health Questionnaire-2,PHQ-2,PRO,NODE_SYM_DEPRESSION,"[""NODE_SYM_DEPRESSION""]",lower_better,likert,2,1,"[""depression_screen""]",0,6,14,1,-1.0,6.0,0.83,internal_consistency,validated_in_cancer,1.0,3,above,Primary care (Kroenke et al. 2003),N/A,NORM_PHQ2_GENERAL,NOISE_PHQ2,English,Kroenke2003,self_report,moderate,v1.0,1,Ultra-brief depression screen; ≥3 positive; active treatment use per architecture
INST_IL6_PLASMA,Interleukin-6 Plasma ELISA,IL-6,biomarker_assay,NODE_BIO_IL6,"[""NODE_BIO_IL6""]",lower_better,continuous,1,1,"[""il6_concentration""]",0,100,0,0,-1.0,0.0,0.92,assay_cv,validated_in_cancer,1.0,3.0,above,Healthy adult reference: <3.0 pg/mL,1,NORM_IL6_HEALTHY,NOISE_IL6,N/A,Ridker2000,laboratory,none,v1.0,1,pg/mL; hs-ELISA; fasting plasma preferred; CV <10%
INST_CRP_HS,High-Sensitivity C-Reactive Protein,hs-CRP,biomarker_assay,NODE_BIO_CRP,"[""NODE_BIO_CRP""]",lower_better,continuous,1,1,"[""crp_concentration""]",0,200,0,0,-1.0,0.0,0.95,assay_cv,validated_in_cancer,1.0,3.0,above,"Cardiovascular risk: <1 low, 1-3 moderate, >3 high mg/L",1,NORM_CRP_CV,NOISE_CRP,N/A,Ridker2003,laboratory,none,v1.0,1,mg/L; immunoturbidimetric; serum; CV <5%; exclude if >10 (acute infection)
INST_TNF_PLASMA,Tumor Necrosis Factor Alpha Plasma ELISA,TNF-α,biomarker_assay,NODE_BIO_TNF,"[""NODE_BIO_TNF""]",lower_better,continuous,1,1,"[""tnf_concentration""]",0,100,0,0,-1.0,0.0,0.9,assay_cv,validated_in_cancer,1.0,N/A,N/A,Healthy adult reference typically <8.1 pg/mL,2,NORM_TNF_HEALTHY,NOISE_TNF,N/A,Robak1998,laboratory,none,v1.0,1,pg/mL; hs-ELISA; plasma; CV <10%; less stable than IL-6/CRP
INST_BDNF_PLASMA,Brain-Derived Neurotrophic Factor Plasma ELISA,BDNF,biomarker_assay,NODE_BIO_BDNF,"[""NODE_BIO_BDNF""]",higher_better,continuous,1,1,"[""bdnf_concentration""]",0,50000,0,0,1.0,0.0,0.88,assay_cv,validated_in_cancer,1.0,N/A,N/A,Healthy adults plasma BDNF (wide range); fasting morning preferred,2,NORM_BDNF_HEALTHY,NOISE_BDNF,N/A,Fernandes2015,laboratory,none,v1.0,1,pg/mL; ELISA; PLASMA not serum (critical); fasting AM; CV ~10-15%
INST_CORTISOL_SLOPE,Salivary Cortisol Diurnal Slope,Cortisol-slope,biomarker_assay,NODE_BIO_CORTISOL,"[""NODE_BIO_CORTISOL""]",lower_better,continuous,4,1,"[""diurnal_slope""]",-0.5,0,0,0,-1.0,0.0,0.8,test_retest,validated_in_cancer,1.0,-0.09,above,Healthy adults: steeper (more negative) slope is healthier,2,NORM_CORTISOL_HEALTHY,NOISE_CORTISOL,N/A,Adam2006,laboratory,none,v1.0,1,"μg/dL slope; 4 timepoints: wake, +30min, +8h, bedtime; ≥2 days; flatter = worse"
INST_P16_TCELL,p16^INK4a T-Cell Expression,p16,biomarker_assay,NODE_BIO_P16,"[""NODE_BIO_P16""]",lower_better,continuous,1,1,"[""p16_expression""]",0,100,0,0,-1.0,0.0,0.85,assay_cv,validated_in_cancer,1.0,N/A,N/A,Age-adjusted norms (Sanoff et al. 2014),2,NORM_P16_AGE,NOISE_P16,N/A,Sanoff2014,laboratory,none,v1.0,1,Relative expression units; T-cell flow cytometry or qRT-PCR; increases with biological aging
INST_GH2AX_LYMPH,Gamma-H2AX Lymphocyte Foci,γ-H2AX,biomarker_assay,NODE_BIO_GH2AX,"[""NODE_BIO_GH2AX""]",lower_better,continuous,1,1,"[""foci_per_cell""]",0,50,0,0,-1.0,0.0,0.82,assay_cv,validated_in_cancer,1.0,N/A,N/A,Healthy adults typically <0.5 foci/cell; age-adjusted,2,NORM_GH2AX_HEALTHY,NOISE_GH2AX,N/A,Bonner2008,laboratory,none,v1.0,1,Foci/cell; lymphocyte immunofluorescence microscopy; DNA double-strand break marker
INST_8OHDG,8-Hydroxy-2'-Deoxyguanosine,8-OHdG,biomarker_assay,NODE_BIO_8OHDG,"[""NODE_BIO_8OHDG""]",lower_better,continuous,1,1,"[""ohdg_concentration""]",0,100,0,0,-1.0,0.0,0.88,assay_cv,validated_in_cancer,1.0,N/A,N/A,Healthy adults; urinary preferred for stability,2,NORM_8OHDG_HEALTHY,NOISE_8OHDG,N/A,Valavanidis2009,laboratory,none,v1.0,1,ng/mL (plasma) or μg/g creatinine (urinary); ELISA; oxidative DNA damage marker
INST_MDA_PLASMA,Malondialdehyde Plasma,MDA,biomarker_assay,NODE_BIO_MDA,"[""NODE_BIO_MDA""]",lower_better,continuous,1,1,"[""mda_concentration""]",0,20,0,0,-1.0,0.0,0.85,assay_cv,validated_in_cancer,1.0,N/A,N/A,Healthy adults; TBARS assay or HPLC,2,NORM_MDA_HEALTHY,NOISE_MDA,N/A,DelRio2005,laboratory,none,v1.0,1,μmol/L or nmol/mL; TBARS or HPLC; plasma; lipid peroxidation marker
INST_GLUCOSE_FASTING,Fasting Glucose,Glucose,biomarker_assay,NODE_BIO_GLUCOSE,"[""NODE_BIO_GLUCOSE""]",lower_better,continuous,1,1,"[""glucose_concentration""]",50,500,0,0,-1.0,0.0,0.95,assay_cv,validated_in_cancer,1.0,100,above,"ADA criteria: <100 normal, 100-125 prediabetes, ≥126 diabetes (mg/dL)",2,NORM_GLUCOSE_ADA,NOISE_GLUCOSE,N/A,ADA2023,laboratory,none,v1.0,1,mg/dL; standard clinical lab; fasting ≥8h; CV <3%
INST_NFL_PLASMA,Neurofilament Light Chain Plasma,NfL,biomarker_assay,NODE_BIO_NFL,"[""NODE_BIO_NFL""]",lower_better,continuous,1,1,"[""nfl_concentration""]",0,1000,0,0,-1.0,0.0,0.93,assay_cv,validated_in_cancer,1.0,N/A,N/A,Age-adjusted norms (Simoa platform),2,NORM_NFL_AGE,NOISE_NFL,N/A,Khalil2018,laboratory,none,v1.0,1,pg/mL; Simoa ultrasensitive immunoassay; plasma; neuroaxonal damage; age-dependent increase
INST_SHANNON_16S,Gut Microbiome Shannon Diversity Index,Shannon-H,biomarker_assay,NODE_BIO_SHANNON,"[""NODE_BIO_SHANNON""]",higher_better,continuous,1,1,"[""shannon_diversity""]",0,10,0,0,1.0,0.0,0.75,test_retest,used_in_cancer,1.1,N/A,N/A,Healthy adults; highly variable across populations,2,NORM_SHANNON_HEALTHY,NOISE_SHANNON,N/A,Knight2017,laboratory,none,v1.0,1,Shannon H; 16S rRNA sequencing; fecal sample; higher = more diverse; batch effects significant
INST_APOE_GENOTYPE,APOE Genotype Test,APOE,genetic_test,NODE_EXO_APOE,"[""NODE_EXO_APOE""]",categorical,categorical,1,1,"[""apoe_status""]",0,3,0,0,1.0,0.0,0.99,assay_cv,used_in_cancer,1.1,N/A,N/A,Population allele frequencies (Farrer et al. 1997),2,NORM_APOE_POP,NOISE_APOE,N/A,Farrer1997,laboratory,none,v1.0,1,"Ordinal: 0=non-carrier, 1=e4_heterozygous, 2=e4_homozygous; one-time test"
INST_COG_RESERVE_COMP,Cognitive Reserve Composite,CogRes,composite,NODE_EXO_COG_RESERVE,"[""NODE_EXO_COG_RESERVE""]",higher_better,continuous,3,1,"[""composite_score""]",0,100,0,5,1.0,0.0,0.78,internal_consistency,used_in_cancer,1.1,N/A,N/A,Education + occupation + premorbid IQ composite,N/A,NORM_COGRESERVE_POP,NOISE_COGRESERVE,English,Stern2009,computed,none,v1.0,1,Education years + occupation complexity + reading-based IQ estimate; z-scored composite
INST_CAQ,Cognitive Activity Questionnaire,CAQ,PRO,NODE_BEH_COG_ACTIVITY,"[""NODE_BEH_COG_ACTIVITY""]",higher_better,likert,25,1,"[""cognitive_activity_total""]",0,125,7,5,1.0,0.0,0.82,internal_consistency,general_population,1.3,N/A,N/A,Community older adults,N/A,NORM_CAQ_ELDERLY,NOISE_CAQ,English,Wilson2003,self_report,none,v1.0,1,"Frequency of cognitively stimulating activities; reading, puzzles, etc."
INST_CLINICAL_AGE,Age at Diagnosis,Age,clinical_record,NODE_EXO_AGE,"[""NODE_EXO_AGE""]",categorical,continuous,1,1,"[""age_years""]",18,100,0,0,1.0,0.0,0.99,inter_rater,validated_in_cancer,1.0,N/A,N/A,N/A,0,NORM_AGE_POP,NOISE_AGE,N/A,ClinicalRecord,clinical_record,none,v1.0,1,Extracted from medical record; Tier 0 required
INST_CLINICAL_SEX,Biological Sex,Sex,clinical_record,NODE_EXO_SEX,"[""NODE_EXO_SEX""]",categorical,categorical,1,1,"[""sex_category""]",0,2,0,0,1.0,0.0,0.99,inter_rater,validated_in_cancer,1.0,N/A,N/A,N/A,0,NORM_SEX_POP,NOISE_SEX,N/A,ClinicalRecord,clinical_record,none,v1.0,1,Male/female/other from medical record
INST_CLINICAL_CANCER_TYPE,Cancer Type Classification,CancerType,clinical_record,NODE_EXO_CANCER_TYPE,"[""NODE_EXO_CANCER_TYPE""]",categorical,categorical,1,1,"[""cancer_type""]",0,9,0,0,1.0,0.0,0.99,inter_rater,validated_in_cancer,1.0,N/A,N/A,N/A,0,NORM_CANCER_TYPE,NOISE_CANCER_TYPE,N/A,ClinicalRecord,clinical_record,none,v1.0,1,ICD-O-3 or institutional coding; Tier 0 required
INST_CLINICAL_RADIATION,Radiation Exposure Record,RadRecord,clinical_record,NODE_EXO_RADIATION,"[""NODE_EXO_RADIATION""]",categorical,categorical,1,1,"[""radiation_category""]",0,5,0,0,1.0,0.0,0.99,inter_rater,validated_in_cancer,1.0,N/A,N/A,N/A,0,NORM_RADIATION,NOISE_RADIATION,N/A,ClinicalRecord,clinical_record,none,v1.0,1,cranial/whole_brain/head_neck/thoracic/pelvic/none from treatment record
INST_CLINICAL_TX_PHASE,Treatment Phase,TxPhase,clinical_record,NODE_EXO_TX_PHASE,"[""NODE_EXO_TX_PHASE""]",categorical,categorical,1,1,"[""treatment_phase""]",0,4,0,0,1.0,0.0,0.99,inter_rater,validated_in_cancer,1.0,N/A,N/A,N/A,0,NORM_TX_PHASE,NOISE_TX_PHASE,N/A,ClinicalRecord,clinical_record,none,v1.0,1,pre/active/early_recovery/late_recovery/long_term; Tier 0 required
INST_ISL_DR,International Shopping List — Delayed Recall,ISL-DR,neuropsych_test,NODE_COG_EPISODIC_MEM,"[""NODE_COG_EPISODIC_MEM""]",higher_better,ordinal,12,1,"[""delayed_recall_words""]",0,12,0,5,1.0,0.0,0.82,test_retest,used_in_cancer,1.1,N/A,N/A,CogState normative reference (Lim et al. 2013),2,NORM_ISL_COGSTATE,NOISE_ISL_DR,English,Lim2013,computerized,low,v1.0,1,CogState battery; delayed recall of 12-word shopping list; words correctly recalled; higher=better; alternate forms available
INST_GROTON_MAZE,Groton Maze Learning Task,GMLT,neuropsych_test,NODE_COG_EXEC_PLANNING,"[""NODE_COG_EXEC_PLANNING"", ""NODE_COG_WORK_MEM""]",lower_better,continuous,1,1,"[""total_errors""]",0,999,0,10,-1.0,0.0,0.78,test_retest,used_in_cancer,1.1,N/A,N/A,CogState normative reference (Lim et al. 2013),2,NORM_GMLT_COGSTATE,NOISE_GMLT,English,Lim2013,computerized,low,v1.0,1,CogState battery; hidden maze path learning over 5 trials; total errors across trials; lower errors = better executive function
INST_ONEBACK,CogState One-Back Task,One-Back,neuropsych_test,NODE_COG_WORK_MEM,"[""NODE_COG_WORK_MEM""]",higher_better,continuous,1,1,"[""accuracy_arcsine""]",0,1.57,0,5,1.0,0.0,0.85,test_retest,used_in_cancer,1.1,N/A,N/A,CogState normative reference (Lim et al. 2013),2,NORM_ONEBACK_COGSTATE,NOISE_ONEBACK,English,Lim2013,computerized,low,v1.0,1,CogState battery; card matching n-back; arcsine-transformed proportion correct; higher=better working memory
INST_VO2PEAK,Peak Oxygen Uptake (VO2peak),VO2peak,clinician_rated,NODE_SYM_DECONDITIONING,"[""NODE_SYM_DECONDITIONING""]",higher_better,continuous,1,1,"[""vo2peak_ml_kg_min""]",5,80,0,15,1.0,0.0,0.95,test_retest,used_in_cancer,1.1,N/A,N/A,ACSM age/sex-stratified norms (ACSM 2017),2,NORM_VO2PEAK_ACSM,NOISE_VO2PEAK,N/A,ACSM2017,clinician,none,v1.0,1,Maximal incremental cycle test; ml/kg/min; higher=better fitness=less deconditioning; gold standard cardiorespiratory fitness
INST_BVMTR,Brief Visuospatial Memory Test-Revised,BVMT-R,neuropsych_test,NODE_COG_EPISODIC_MEM,"[""NODE_COG_EPISODIC_MEM""]",higher_better,ordinal,6,4,"[""total_recall"", ""delayed_recall"", ""retention_pct"", ""recognition_discrimination""]",0,36,0,10,1.0,0.0,0.97,test_retest,used_in_cancer,1.1,N/A,N/A,Age-stratified norms (Benedict 1997),0,NORM_BVMTR_AGE,NOISE_BVMTR,English,Benedict1997,clinician,low,v1.0,1,6 geometric figures x 3 learning trials + delayed recall; visuospatial episodic memory; 6 alternate forms
