edge_id,pathway,node_x,node_y,k,n_studies,total_n,designs,has_rct,avg_beta,i_squared,pooled_beta,pooled_se,gap_tier,cancers,phases
ER_8OHDG_OIC,PW_M02_OXIDATIVE_STRESS,NODE_BIO_8OHDG,NODE_PATH_OIC,0,0,,,False,,0.0,,,MISSING,,
ER_ACTIVITY_8OHDG,PW_M02_OXIDATIVE_STRESS,NODE_BEH_PHYSICAL_ACTIVITY,NODE_BIO_8OHDG,0,0,,,False,,0.0,,,MISSING,,
ER_ACTIVITY_BDNF,PW_M04_NEUROPLASTICITY,NODE_BEH_PHYSICAL_ACTIVITY,NODE_BIO_BDNF,0,0,,,False,,0.0,,,MISSING,,
ER_ACTIVITY_CEREBROVASCULAR,PW_M11_CEREBROVASCULAR,NODE_BEH_PHYSICAL_ACTIVITY,NODE_PATH_CEREBROVASCULAR,1,1,12,RCT,True,0.86,0.0,0.86,1.793799,SINGLE,breast,early_recovery
ER_ACTIVITY_COG_COMPLAINTS,PW_C2_FATIGUE,NODE_BEH_PHYSICAL_ACTIVITY,NODE_SYM_COG_COMPLAINTS,1,1,19,RCT,True,0.2635,0.0,0.263514,0.959157,SINGLE,breast,early_recovery
ER_ACTIVITY_CORTISOL,PW_M03_HPA_DYSREGULATION,NODE_BEH_PHYSICAL_ACTIVITY,NODE_BIO_CORTISOL,0,0,,,False,,0.0,,,MISSING,,
ER_ACTIVITY_CRP,PW_M01_NEUROINFLAMMATION,NODE_BEH_PHYSICAL_ACTIVITY,NODE_BIO_CRP,0,0,,,False,,0.0,,,MISSING,,
ER_ACTIVITY_DECONDITIONING,PW_C2_FATIGUE,NODE_BEH_PHYSICAL_ACTIVITY,NODE_SYM_DECONDITIONING,1,1,12,RCT,True,1.28,0.0,1.28,1.876318,SINGLE,breast,early_recovery
ER_ACTIVITY_EPIMEM,PW_M04_NEUROPLASTICITY,NODE_BEH_PHYSICAL_ACTIVITY,NODE_COG_EPISODIC_MEM,2,2,31,RCT,True,0.1925,0.0,0.076303,1.122757,ADEQUATE,breast,early_recovery
ER_ACTIVITY_EXEC_PLAN,PW_M04_NEUROPLASTICITY,NODE_BEH_PHYSICAL_ACTIVITY,NODE_COG_EXEC_PLANNING,1,1,12,RCT,True,0.75,0.0,0.75,1.777878,SINGLE,breast,early_recovery
ER_ACTIVITY_FATIGUE_DIRECT,PW_C2_FATIGUE,NODE_BEH_PHYSICAL_ACTIVITY,NODE_SYM_FATIGUE,0,0,,,False,,0.0,,,MISSING,,
ER_ACTIVITY_GLUCOSE,PW_M13_METABOLIC,NODE_BEH_PHYSICAL_ACTIVITY,NODE_BIO_GLUCOSE,0,0,,,False,,0.0,,,MISSING,,
ER_ACTIVITY_IL6,PW_M01_NEUROINFLAMMATION,NODE_BEH_PHYSICAL_ACTIVITY,NODE_BIO_IL6,0,0,,,False,,0.0,,,MISSING,,
ER_ACTIVITY_NEUROPLAST,PW_M04_NEUROPLASTICITY,NODE_BEH_PHYSICAL_ACTIVITY,NODE_PATH_NEUROPLASTICITY,0,0,,,False,,0.0,,,MISSING,,
ER_ACTIVITY_PROC_SPEED,PW_M04_NEUROPLASTICITY,NODE_BEH_PHYSICAL_ACTIVITY,NODE_COG_PROC_SPEED,1,1,19,RCT,True,-1.5604,0.0,-1.56044,1.368524,SINGLE,breast,early_recovery
ER_ACTIVITY_VERBAL_FLUENCY,PW_M04_NEUROPLASTICITY,NODE_BEH_PHYSICAL_ACTIVITY,NODE_COG_VERBAL_FLUENCY,1,1,19,RCT,True,0.6977,0.0,0.697674,1.209626,SINGLE,breast,early_recovery
ER_ACTIVITY_WORKMEM,PW_M04_NEUROPLASTICITY,NODE_BEH_PHYSICAL_ACTIVITY,NODE_COG_WORK_MEM,1,1,12,RCT,True,0.81,0.0,0.81,1.78849,SINGLE,breast,early_recovery
ER_AGE_ACTIVITY,PW_C2_FATIGUE,NODE_EXO_AGE,NODE_BEH_PHYSICAL_ACTIVITY,0,0,,,False,,0.0,,,MISSING,,
ER_AGE_BDNF,PW_M04_NEUROPLASTICITY,NODE_EXO_AGE,NODE_BIO_BDNF,0,0,,,False,,0.0,,,MISSING,,
ER_ANXIETY_SELECTATTN,PW_C3_MOOD,NODE_SYM_ANXIETY,NODE_COG_ATTN_SELECTIVE,0,0,,,False,,0.0,,,MISSING,,
ER_ANXIETY_SLEEP,PW_C3_MOOD,NODE_SYM_ANXIETY,NODE_BEH_SLEEP_QUALITY,0,0,,,False,,0.0,,,MISSING,,
ER_APOE_OIC,PW_M01_NEUROINFLAMMATION,NODE_EXO_APOE,NODE_PATH_OIC,0,0,,,False,,0.0,,,MISSING,,
ER_APPETITE_DECONDITIONING,PW_M08_GUT_BRAIN,NODE_SYM_APPETITE,NODE_SYM_DECONDITIONING,0,0,,,False,,0.0,,,MISSING,,
ER_ATTNSEL_CRCI,N/A_COMPOSITE_AGGREGATION,NODE_COG_ATTN_SELECTIVE,NODE_COMP_CRCI,0,0,,,False,,0.0,,,MISSING,,
ER_ATTNSUST_CRCI,N/A_COMPOSITE_AGGREGATION,NODE_COG_ATTN_SUSTAINED,NODE_COMP_CRCI,0,0,,,False,,0.0,,,MISSING,,
ER_BDNF_NEUROGENESIS,PW_M05_NEUROGENESIS,NODE_BIO_BDNF,NODE_PATH_NEUROGENESIS,0,0,,,False,,0.0,,,MISSING,,
ER_BDNF_NEUROPLAST,PW_M04_NEUROPLASTICITY,NODE_BIO_BDNF,NODE_PATH_NEUROPLASTICITY,0,0,,,False,,0.0,,,MISSING,,
ER_CHEMO_8OHDG,PW_M02_OXIDATIVE_STRESS,NODE_EXO_CHEMO_REGIMEN,NODE_BIO_8OHDG,0,0,,,False,,0.0,,,MISSING,,
ER_CHEMO_ACTIVITY,PW_C2_FATIGUE,NODE_EXO_CHEMO_REGIMEN,NODE_BEH_PHYSICAL_ACTIVITY,0,0,,,False,,0.0,,,MISSING,,
ER_CHEMO_CORTISOL,PW_M03_HPA_DYSREGULATION,NODE_EXO_CHEMO_REGIMEN,NODE_BIO_CORTISOL,0,0,,,False,,0.0,,,MISSING,,
ER_CHEMO_CRP,PW_M01_NEUROINFLAMMATION,NODE_EXO_CHEMO_REGIMEN,NODE_BIO_CRP,0,0,,,False,,0.0,,,MISSING,,
ER_CHEMO_DIET,PW_M08_GUT_BRAIN,NODE_EXO_CHEMO_REGIMEN,NODE_BEH_DIET,0,0,,,False,,0.0,,,MISSING,,
ER_CHEMO_DOPAMINE,PW_M17_DOPAMINERGIC,NODE_EXO_CHEMO_REGIMEN,NODE_PATH_DOPAMINERGIC,0,0,,,False,,0.0,,,MISSING,,
ER_CHEMO_EPIGENETIC,PW_M12_EPIGENETIC,NODE_EXO_CHEMO_REGIMEN,NODE_PATH_EPIGENETIC,0,0,,,False,,0.0,,,MISSING,,
ER_CHEMO_GH2AX,PW_M07_DNA_DAMAGE,NODE_EXO_CHEMO_REGIMEN,NODE_BIO_GH2AX,0,0,,,False,,0.0,,,MISSING,,
ER_CHEMO_GLUCOSE,PW_M13_METABOLIC,NODE_EXO_CHEMO_REGIMEN,NODE_BIO_GLUCOSE,0,0,,,False,,0.0,,,MISSING,,
ER_CHEMO_IL6,PW_M01_NEUROINFLAMMATION,NODE_EXO_CHEMO_REGIMEN,NODE_BIO_IL6,0,0,,,False,,0.0,,,MISSING,,
ER_CHEMO_MDA,PW_M02_OXIDATIVE_STRESS,NODE_EXO_CHEMO_REGIMEN,NODE_BIO_MDA,0,0,,,False,,0.0,,,MISSING,,
ER_CHEMO_MYELIN,PW_M16_MYELIN,NODE_EXO_CHEMO_REGIMEN,NODE_PATH_MYELIN,0,0,,,False,,0.0,,,MISSING,,
ER_CHEMO_NFL,PW_M14_BBB,NODE_EXO_CHEMO_REGIMEN,NODE_BIO_NFL,0,0,,,False,,0.0,,,MISSING,,
ER_CHEMO_P16,PW_M09_SENESCENCE,NODE_EXO_CHEMO_REGIMEN,NODE_BIO_P16,0,0,,,False,,0.0,,,MISSING,,
ER_CHEMO_SHANNON,PW_M08_GUT_BRAIN,NODE_EXO_CHEMO_REGIMEN,NODE_BIO_SHANNON,0,0,,,False,,0.0,,,MISSING,,
ER_CHEMO_SLEEP,PW_C1_SLEEP,NODE_EXO_CHEMO_REGIMEN,NODE_BEH_SLEEP_QUALITY,0,0,,,False,,0.0,,,MISSING,,
ER_CHEMO_TNF,PW_M01_NEUROINFLAMMATION,NODE_EXO_CHEMO_REGIMEN,NODE_BIO_TNF,0,0,,,False,,0.0,,,MISSING,,
ER_COGACTIVITY_ATTN,PW_M15_SYNAPTIC,NODE_BEH_COG_ACTIVITY,NODE_COG_ATTN_SUSTAINED,1,1,28,RCT,True,0.59,0.0,0.59,1.237509,SINGLE,mixed,post_treatment
ER_COGACTIVITY_BDNF,PW_M04_NEUROPLASTICITY,NODE_BEH_COG_ACTIVITY,NODE_BIO_BDNF,0,0,,,False,,0.0,,,MISSING,,
ER_COGACTIVITY_COGCOMPLAINTS,PW_M15_SYNAPTIC,NODE_BEH_COG_ACTIVITY,NODE_SYM_COG_COMPLAINTS,1,1,28,RCT,True,-0.53,0.0,-0.53,1.237509,SINGLE,mixed,post_treatment
ER_COGACTIVITY_EPIMEM,PW_M04_NEUROPLASTICITY,NODE_BEH_COG_ACTIVITY,NODE_COG_EPISODIC_MEM,1,1,28,RCT,True,0.25,0.0,0.25,1.237509,SINGLE,mixed,post_treatment
ER_COGACTIVITY_SYNAPTIC,PW_M15_SYNAPTIC,NODE_BEH_COG_ACTIVITY,NODE_PATH_SYNAPTIC,0,0,,,False,,0.0,,,MISSING,,
ER_COGACTIVITY_WORKMEM,PW_M15_SYNAPTIC,NODE_BEH_COG_ACTIVITY,NODE_COG_WORK_MEM,1,1,28,RCT,True,0.79,0.0,0.79,1.237509,SINGLE,mixed,post_treatment
ER_COGCOMPLAINTS_EPISODIC,PW_C3_MOOD,NODE_SYM_COG_COMPLAINTS,NODE_COG_EPISODIC_MEM,0,0,,,False,,0.0,,,MISSING,,
ER_COGRESERVE_COGACTIVITY,PW_M04_NEUROPLASTICITY,NODE_EXO_COG_RESERVE,NODE_BEH_COG_ACTIVITY,0,0,,,False,,0.0,,,MISSING,,
ER_COMORBID_ACTIVITY,PW_C2_FATIGUE,NODE_EXO_COMORBIDITY,NODE_BEH_PHYSICAL_ACTIVITY,0,0,,,False,,0.0,,,MISSING,,
ER_CORTISOL_HPA,PW_M03_HPA_DYSREGULATION,NODE_BIO_CORTISOL,NODE_PATH_HPA,1,1,36823,systematic_review,False,0.2972,0.0,0.2972,0.626124,SINGLE,mixed,mixed
ER_CRP_OIC,PW_M01_NEUROINFLAMMATION,NODE_BIO_CRP,NODE_PATH_OIC,0,0,,,False,,0.0,,,MISSING,,
ER_DECONDITIONING_PROCSPEED,PW_C2_FATIGUE,NODE_SYM_DECONDITIONING,NODE_COG_PROC_SPEED,0,0,,,False,,0.0,,,MISSING,,
ER_DEPRESSION_COGCOMPLAINTS,PW_C3_MOOD,NODE_SYM_DEPRESSION,NODE_SYM_COG_COMPLAINTS,0,0,,,False,,0.0,,,MISSING,,
ER_DEPRESSION_EXEC,PW_C3_MOOD,NODE_SYM_DEPRESSION,NODE_COG_EXEC_PLANNING,0,0,,,False,,0.0,,,MISSING,,
ER_DEPRESSION_SLEEP,PW_C3_MOOD,NODE_SYM_DEPRESSION,NODE_BEH_SLEEP_QUALITY,0,0,,,False,,0.0,,,MISSING,,
ER_DEPRESSION_SOCIAL,PW_C5_SOCIAL,NODE_SYM_DEPRESSION,NODE_BEH_SOCIAL_ENGAGE,0,0,,,False,,0.0,,,MISSING,,
ER_DEPRESSION_WORKMEM,PW_C3_MOOD,NODE_SYM_DEPRESSION,NODE_COG_WORK_MEM,0,0,,,False,,0.0,,,MISSING,,
ER_DIET_GLUCOSE,PW_M13_METABOLIC,NODE_BEH_DIET,NODE_BIO_GLUCOSE,0,0,,,False,,0.0,,,MISSING,,
ER_DIET_IL6,PW_M01_NEUROINFLAMMATION,NODE_BEH_DIET,NODE_BIO_IL6,0,0,,,False,,0.0,,,MISSING,,
ER_DIET_MDA,PW_M02_OXIDATIVE_STRESS,NODE_BEH_DIET,NODE_BIO_MDA,0,0,,,False,,0.0,,,MISSING,,
ER_DIET_SHANNON,PW_M08_GUT_BRAIN,NODE_BEH_DIET,NODE_BIO_SHANNON,0,0,,,False,,0.0,,,MISSING,,
ER_DNA_SENESCENCE,PW_M07_DNA_DAMAGE,NODE_PATH_DNA_DAMAGE,NODE_PATH_SENESCENCE,0,0,,,False,,0.0,,,MISSING,,
ER_DOPAMINE_FATIGUE,PW_M17_DOPAMINERGIC,NODE_PATH_DOPAMINERGIC,NODE_SYM_FATIGUE,0,0,,,False,,0.0,,,MISSING,,
ER_DOPAMINE_INHIBITION,PW_M17_DOPAMINERGIC,NODE_PATH_DOPAMINERGIC,NODE_COG_EXEC_INHIBITION,0,0,,,False,,0.0,,,MISSING,,
ER_EPIGENETIC_NEUROPLAST,PW_M12_EPIGENETIC,NODE_PATH_EPIGENETIC,NODE_PATH_NEUROPLASTICITY,0,0,,,False,,0.0,,,MISSING,,
ER_EPIGENETIC_OIC,PW_M12_EPIGENETIC,NODE_PATH_EPIGENETIC,NODE_PATH_OIC,0,0,,,False,,0.0,,,MISSING,,
ER_EPIMEM_CRCI,N/A_COMPOSITE_AGGREGATION,NODE_COG_EPISODIC_MEM,NODE_COMP_CRCI,0,0,,,False,,0.0,,,MISSING,,
ER_EXECINHIB_CRCI,N/A_COMPOSITE_AGGREGATION,NODE_COG_EXEC_INHIBITION,NODE_COMP_CRCI,0,0,,,False,,0.0,,,MISSING,,
ER_EXECPLAN_CRCI,N/A_COMPOSITE_AGGREGATION,NODE_COG_EXEC_PLANNING,NODE_COMP_CRCI,0,0,,,False,,0.0,,,MISSING,,
ER_FATIGUE_ACTIVITY,PW_C2_FATIGUE,NODE_SYM_FATIGUE,NODE_BEH_PHYSICAL_ACTIVITY,0,0,,,False,,0.0,,,MISSING,,
ER_FATIGUE_ATTN,PW_C2_FATIGUE,NODE_SYM_FATIGUE,NODE_COG_ATTN_SUSTAINED,1,1,35,cross_sectional,False,-1.022,0.0,-1.022,1.467482,SINGLE,pediatric_survivor,long_term_survivorship
ER_FATIGUE_PROCSPEED,PW_C2_FATIGUE,NODE_SYM_FATIGUE,NODE_COG_PROC_SPEED,1,1,35,cross_sectional,False,-1.352,0.0,-1.352,1.522922,SINGLE,pediatric_survivor,long_term_survivorship
ER_FATIGUE_SELFEFFICACY,PW_M17_DOPAMINERGIC,NODE_SYM_FATIGUE,NODE_BEH_SELF_EFFICACY,0,0,,,False,,0.0,,,MISSING,,
ER_FATIGUE_SOCIAL,PW_C5_SOCIAL,NODE_SYM_FATIGUE,NODE_BEH_SOCIAL_ENGAGE,0,0,,,False,,0.0,,,MISSING,,
ER_GH2AX_DNA,PW_M07_DNA_DAMAGE,NODE_BIO_GH2AX,NODE_PATH_DNA_DAMAGE,0,0,,,False,,0.0,,,MISSING,,
ER_GLUCOSE_METABOLIC,PW_M13_METABOLIC,NODE_BIO_GLUCOSE,NODE_PATH_METABOLIC,0,0,,,False,,0.0,,,MISSING,,
ER_GLYMPHATIC_SLEEP,PW_M10_GLYMPHATIC,NODE_PATH_GLYMPHATIC,NODE_SYM_SLEEP_DISRUPTION,0,0,,,False,,0.0,,,MISSING,,
ER_GUTBRAIN_APPETITE,PW_M08_GUT_BRAIN,NODE_PATH_GUT_BRAIN,NODE_SYM_APPETITE,0,0,,,False,,0.0,,,MISSING,,
ER_GUTBRAIN_OIC,PW_M08_GUT_BRAIN,NODE_PATH_GUT_BRAIN,NODE_PATH_OIC,0,0,,,False,,0.0,,,MISSING,,
ER_HPA_ANXIETY,PW_M03_HPA_DYSREGULATION,NODE_PATH_HPA,NODE_SYM_ANXIETY,1,1,2000,systematic_review,False,-0.1686,0.0,-0.1686,0.79136,SINGLE,mixed,mixed
ER_HPA_DEPRESSION,PW_M03_HPA_DYSREGULATION,NODE_PATH_HPA,NODE_SYM_DEPRESSION,1,1,8000,systematic_review,False,0.2132,0.0,0.2132,0.684998,SINGLE,mixed,mixed
ER_HPA_EPISODIC,PW_M03_HPA_DYSREGULATION,NODE_PATH_HPA,NODE_COG_EPISODIC_MEM,0,0,,,False,,0.0,,,MISSING,,
ER_HPA_SLEEP,PW_M03_HPA_DYSREGULATION,NODE_PATH_HPA,NODE_SYM_SLEEP_DISRUPTION,0,0,,,False,,0.0,,,MISSING,,
ER_HPA_WORKMEM,PW_M03_HPA_DYSREGULATION,NODE_PATH_HPA,NODE_COG_WORK_MEM,0,0,,,False,,0.0,,,MISSING,,
ER_IFNG_BDNF_CROSS,PW_M01_NEUROINFLAMMATION,NODE_BIO_IFNG,NODE_BIO_BDNF,0,0,,,False,,0.0,,,MISSING,,
ER_IL10_BDNF_CROSS,PW_M01_NEUROINFLAMMATION,NODE_BIO_IL10,NODE_BIO_BDNF,1,1,66,cohort,False,-0.875,0.0,-0.875,0.80342,SINGLE,mixed_solid,during_treatment
ER_IL10_OIC,PW_M01_NEUROINFLAMMATION,NODE_BIO_IL10,NODE_PATH_OIC,0,0,,,False,,0.0,,,MISSING,,
ER_IL4_BDNF_CROSS,PW_M01_NEUROINFLAMMATION,NODE_BIO_IL4,NODE_BIO_BDNF,1,1,66,cohort,False,0.838,0.0,0.838,0.801514,SINGLE,mixed_solid,during_treatment
ER_IL6_BDNF_CROSS,PW_M01_NEUROINFLAMMATION,NODE_BIO_IL6,NODE_BIO_BDNF,0,0,,,False,,0.0,,,MISSING,,
ER_IL6_OIC,PW_M01_NEUROINFLAMMATION,NODE_BIO_IL6,NODE_PATH_OIC,0,0,,,False,,0.0,,,MISSING,,
ER_IL8_OIC,PW_M01_NEUROINFLAMMATION,NODE_BIO_IL8,NODE_PATH_OIC,0,0,,,False,,0.0,,,MISSING,,
ER_LANGUAGE_CRCI,N/A_COMPOSITE_AGGREGATION,NODE_COG_LANGUAGE,NODE_COMP_CRCI,0,0,,,False,,0.0,,,MISSING,,
ER_LIGHT_SLEEP,PW_C1_SLEEP,NODE_BEH_LIGHT_EXPOSURE,NODE_SYM_SLEEP_DISRUPTION,0,0,,,False,,0.0,,,MISSING,,
ER_MCP1_OIC,PW_M01_NEUROINFLAMMATION,NODE_BIO_MCP1,NODE_PATH_OIC,0,0,,,False,,0.0,,,MISSING,,
ER_MDA_OIC,PW_M02_OXIDATIVE_STRESS,NODE_BIO_MDA,NODE_PATH_OIC,0,0,,,False,,0.0,,,MISSING,,
ER_METABOLIC_DECONDITIONING,PW_M13_METABOLIC,NODE_PATH_METABOLIC,NODE_SYM_DECONDITIONING,0,0,,,False,,0.0,,,MISSING,,
ER_METABOLIC_OIC,PW_M13_METABOLIC,NODE_PATH_METABOLIC,NODE_PATH_OIC,0,0,,,False,,0.0,,,MISSING,,
ER_MULTITASK_CRCI,N/A_COMPOSITE_AGGREGATION,NODE_COG_MULTITASKING,NODE_COMP_CRCI,0,0,,,False,,0.0,,,MISSING,,
ER_MYELIN_LANGUAGE,PW_M16_MYELIN,NODE_PATH_MYELIN,NODE_COG_LANGUAGE,0,0,,,False,,0.0,,,MISSING,,
ER_MYELIN_PROCSPEED,PW_M16_MYELIN,NODE_PATH_MYELIN,NODE_COG_PROC_SPEED,0,0,,,False,,0.0,,,MISSING,,
ER_MYELIN_VERBAL,PW_M16_MYELIN,NODE_PATH_MYELIN,NODE_COG_VERBAL_FLUENCY,0,0,,,False,,0.0,,,MISSING,,
ER_NEUROGENESIS_EPISODIC,PW_M05_NEUROGENESIS,NODE_PATH_NEUROGENESIS,NODE_COG_EPISODIC_MEM,0,0,,,False,,0.0,,,MISSING,,
ER_NEUROPLAST_ATTN,PW_M04_NEUROPLASTICITY,NODE_PATH_NEUROPLASTICITY,NODE_COG_ATTN_SUSTAINED,1,1,74,cohort,False,0.5,0.0,0.5,0.785749,SINGLE,mixed,during_treatment
ER_NEUROPLAST_EPISODIC,PW_M04_NEUROPLASTICITY,NODE_PATH_NEUROPLASTICITY,NODE_COG_EPISODIC_MEM,1,1,74,cohort,False,0.595,0.0,0.595,0.789549,SINGLE,mixed,during_treatment
ER_NEUROPLAST_PROCSPEED,PW_M04_NEUROPLASTICITY,NODE_PATH_NEUROPLASTICITY,NODE_COG_PROC_SPEED,1,1,66,cohort,False,0.609,0.0,0.609,0.792025,SINGLE,mixed_solid,during_treatment
ER_NEUROPLAST_WORKMEM,PW_M04_NEUROPLASTICITY,NODE_PATH_NEUROPLASTICITY,NODE_COG_WORK_MEM,0,0,,,False,,0.0,,,MISSING,,
ER_NFL_BBB,PW_M14_BBB,NODE_BIO_NFL,NODE_PATH_BBB,0,0,,,False,,0.0,,,MISSING,,
ER_NFL_MYELIN,PW_M16_MYELIN,NODE_BIO_NFL,NODE_PATH_MYELIN,0,0,,,False,,0.0,,,MISSING,,
ER_OIC_APPETITE,PW_M01_NEUROINFLAMMATION,NODE_PATH_OIC,NODE_SYM_APPETITE,0,0,,,False,,0.0,,,MISSING,,
ER_OIC_ATTNSUST,PW_M01_NEUROINFLAMMATION,NODE_PATH_OIC,NODE_COG_ATTN_SUSTAINED,4,4,403,cohort,False,-0.5835,0.0,-0.556279,0.384396,ADEQUATE,"hematologic,breast,hodgkin_lymphoma,mixed_solid","acute_treatment,long_term_survivorship,during_treatment"
ER_OIC_COGCOMPLAINTS,PW_M01_NEUROINFLAMMATION,NODE_PATH_OIC,NODE_SYM_COG_COMPLAINTS,4,3,664,cohort,False,-0.2017,0.0,-0.178298,0.44126,ADEQUATE,"breast,mixed_solid","active_treatment,during_treatment,survivorship"
ER_OIC_DEPRESSION,PW_M01_NEUROINFLAMMATION,NODE_PATH_OIC,NODE_SYM_DEPRESSION,0,0,,,False,,0.0,,,MISSING,,
ER_OIC_EPISODIC,PW_M01_NEUROINFLAMMATION,NODE_PATH_OIC,NODE_COG_EPISODIC_MEM,3,3,325,"cohort,cross_sectional",False,-0.0807,0.0,-0.032066,0.635316,ADEQUATE,"hematologic,breast,mixed_solid","acute_treatment,pre_treatment,during_treatment"
ER_OIC_EXECPLAN,PW_M01_NEUROINFLAMMATION,NODE_PATH_OIC,NODE_COG_EXEC_PLANNING,2,1,150,cohort,False,-0.6235,0.0,-0.623218,0.565695,LOW_K,breast,during_treatment
ER_OIC_FATIGUE,PW_M01_NEUROINFLAMMATION,NODE_PATH_OIC,NODE_SYM_FATIGUE,2,1,124,cohort,False,0.621,0.0,0.620495,0.737386,LOW_K,nsclc,active_treatment
ER_OIC_MULTITASK,PW_M01_NEUROINFLAMMATION,NODE_PATH_OIC,NODE_COG_MULTITASKING,3,1,198,cohort,False,-0.1427,0.0,-0.145747,0.643073,ADEQUATE,mixed_solid,during_treatment
ER_OIC_PAIN,PW_M01_NEUROINFLAMMATION,NODE_PATH_OIC,NODE_SYM_PAIN,0,0,,,False,,0.0,,,MISSING,,
ER_OIC_PROCSPEED,PW_M01_NEUROINFLAMMATION,NODE_PATH_OIC,NODE_COG_PROC_SPEED,9,6,3230,cohort,False,-0.433,0.0,-0.381222,0.227231,ADEQUATE,"breast,hodgkin_lymphoma,mixed_solid,colorectal","survivorship,long_term_survivorship,active_treatment,during_treatment"
ER_OIC_VERBAL,PW_M01_NEUROINFLAMMATION,NODE_PATH_OIC,NODE_COG_VERBAL_FLUENCY,1,1,75,cohort,False,-0.517,0.0,-0.517,0.796166,SINGLE,breast,during_treatment
ER_OIC_WORKMEM,PW_M01_NEUROINFLAMMATION,NODE_PATH_OIC,NODE_COG_WORK_MEM,1,1,75,cohort,False,-0.723,0.0,-0.723,0.80195,SINGLE,breast,during_treatment
ER_P16_SENESCENCE,PW_M09_SENESCENCE,NODE_BIO_P16,NODE_PATH_SENESCENCE,0,0,,,False,,0.0,,,MISSING,,
ER_PAIN_FATIGUE,PW_C2_FATIGUE,NODE_SYM_PAIN,NODE_SYM_FATIGUE,0,0,,,False,,0.0,,,MISSING,,
ER_PROCSPD_CRCI,N/A_COMPOSITE_AGGREGATION,NODE_COG_PROC_SPEED,NODE_COMP_CRCI,0,0,,,False,,0.0,,,MISSING,,
ER_RADIATION_BBB,PW_M14_BBB,NODE_EXO_RADIATION,NODE_PATH_BBB,0,0,,,False,,0.0,,,MISSING,,
ER_RADIATION_GH2AX,PW_M07_DNA_DAMAGE,NODE_EXO_RADIATION,NODE_BIO_GH2AX,0,0,,,False,,0.0,,,MISSING,,
ER_RADIATION_NFL,PW_M14_BBB,NODE_EXO_RADIATION,NODE_BIO_NFL,0,0,,,False,,0.0,,,MISSING,,
ER_SENESCENCE_OIC,PW_M09_SENESCENCE,NODE_PATH_SENESCENCE,NODE_PATH_OIC,0,0,,,False,,0.0,,,MISSING,,
ER_SEX_HPA,PW_M03_HPA_DYSREGULATION,NODE_EXO_SEX,NODE_PATH_HPA,0,0,,,False,,0.0,,,MISSING,,
ER_SHANNON_GUTBRAIN,PW_M08_GUT_BRAIN,NODE_BIO_SHANNON,NODE_PATH_GUT_BRAIN,0,0,,,False,,0.0,,,MISSING,,
ER_SLEEP_ATTN,PW_C1_SLEEP,NODE_SYM_SLEEP_DISRUPTION,NODE_COG_ATTN_SUSTAINED,0,0,,,False,,0.0,,,MISSING,,
ER_SLEEP_CORTISOL,PW_C1_SLEEP,NODE_BEH_SLEEP_QUALITY,NODE_BIO_CORTISOL,0,0,,,False,,0.0,,,MISSING,,
ER_SLEEP_DEPRESSION_FWD,PW_C1_SLEEP,NODE_BEH_SLEEP_QUALITY,NODE_SYM_DEPRESSION,0,0,,,False,,0.0,,,MISSING,,
ER_SLEEP_EPISODIC,PW_C1_SLEEP,NODE_SYM_SLEEP_DISRUPTION,NODE_COG_EPISODIC_MEM,0,0,,,False,,0.0,,,MISSING,,
ER_SLEEP_FATIGUE,PW_C1_SLEEP,NODE_SYM_SLEEP_DISRUPTION,NODE_SYM_FATIGUE,0,0,,,False,,0.0,,,MISSING,,
ER_SLEEP_GLYMPHATIC,PW_M10_GLYMPHATIC,NODE_BEH_SLEEP_QUALITY,NODE_PATH_GLYMPHATIC,0,0,,,False,,0.0,,,MISSING,,
ER_SLEEP_WORKMEM,PW_C1_SLEEP,NODE_SYM_SLEEP_DISRUPTION,NODE_COG_WORK_MEM,0,0,,,False,,0.0,,,MISSING,,
ER_SOCIAL_DEPRESSION,PW_C5_SOCIAL,NODE_BEH_SOCIAL_ENGAGE,NODE_SYM_DEPRESSION,0,0,,,False,,0.0,,,MISSING,,
ER_SOCIAL_EXEC,PW_C5_SOCIAL,NODE_BEH_SOCIAL_ENGAGE,NODE_COG_EXEC_PLANNING,0,0,,,False,,0.0,,,MISSING,,
ER_SOCIAL_VERBAL,PW_C5_SOCIAL,NODE_BEH_SOCIAL_ENGAGE,NODE_COG_VERBAL_FLUENCY,0,0,,,False,,0.0,,,MISSING,,
ER_STNFR2_OIC,PW_M01_NEUROINFLAMMATION,NODE_BIO_STNFR2,NODE_PATH_OIC,0,0,,,False,,0.0,,,MISSING,,
ER_STRESS_CORTISOL,PW_M03_HPA_DYSREGULATION,NODE_BEH_STRESS_MGMT,NODE_BIO_CORTISOL,0,0,,,False,,0.0,,,MISSING,,
ER_STRESS_IL6,PW_M01_NEUROINFLAMMATION,NODE_BEH_STRESS_MGMT,NODE_BIO_IL6,0,0,,,False,,0.0,,,MISSING,,
ER_SYNAPTIC_EXEC,PW_M15_SYNAPTIC,NODE_PATH_SYNAPTIC,NODE_COG_EXEC_PLANNING,0,0,,,False,,0.0,,,MISSING,,
ER_SYNAPTIC_PROCSPEED,PW_M15_SYNAPTIC,NODE_PATH_SYNAPTIC,NODE_COG_PROC_SPEED,0,0,,,False,,0.0,,,MISSING,,
ER_SYNAPTIC_WORKMEM,PW_M15_SYNAPTIC,NODE_PATH_SYNAPTIC,NODE_COG_WORK_MEM,0,0,,,False,,0.0,,,MISSING,,
ER_TNF_BDNF_CROSS,PW_M01_NEUROINFLAMMATION,NODE_BIO_TNF,NODE_BIO_BDNF,1,1,66,cohort,False,0.771,0.0,0.771,0.797709,SINGLE,mixed_solid,during_treatment
ER_TNF_OIC,PW_M01_NEUROINFLAMMATION,NODE_BIO_TNF,NODE_PATH_OIC,0,0,,,False,,0.0,,,MISSING,,
ER_TX_PHASE_ACTIVITY,PW_C2_FATIGUE,NODE_EXO_TX_PHASE,NODE_BEH_PHYSICAL_ACTIVITY,0,0,,,False,,0.0,,,MISSING,,
ER_VERBAL_CRCI,N/A_COMPOSITE_AGGREGATION,NODE_COG_VERBAL_FLUENCY,NODE_COMP_CRCI,0,0,,,False,,0.0,,,MISSING,,
ER_VISUOSP_CRCI,N/A_COMPOSITE_AGGREGATION,NODE_COG_VISUOSPATIAL,NODE_COMP_CRCI,0,0,,,False,,0.0,,,MISSING,,
ER_WORKMEM_CRCI,N/A_COMPOSITE_AGGREGATION,NODE_COG_WORK_MEM,NODE_COMP_CRCI,0,0,,,False,,0.0,,,MISSING,,
